desired_x,desired_y,desired_z
0.0100452,0.00502258,0
0.0200452,0.0100224,0
0.0300452,0.015022,0
0.0400452,0.0200213,0
0.0500452,0.02502,0
0.0600452,0.0300181,0
0.0700452,0.0350154,0
0.0800452,0.0400119,0
0.0900452,0.0450074,0
0.100045,0.0500017,0
0.0136491,0.00682448,0
0.0236491,0.0118243,0
0.0336491,0.0168237,0
0.0436491,0.0218228,0
0.0536491,0.0268213,0
0.0636491,0.0318192,0
0.0736491,0.0368162,0
0.0836491,0.0418123,0
0.0936491,0.0468074,0
0.103649,0.0518013,0
0.0235833,0.0117914,0
0.0335833,0.0167909,0
0.0435833,0.0217899,0
0.0535833,0.0267884,0
0.0635833,0.0317863,0
0.0735833,0.0367834,0
0.0835833,0.0417795,0
0.0935833,0.0467746,0
0.103583,0.0517685,0
0.113583,0.0567611,0
0.0346412,0.0173197,0
0.0446412,0.0223187,0
0.0546412,0.0273172,0
0.0646412,0.032315,0
0.0746412,0.0373119,0
0.0846412,0.042308,0
0.0946412,0.0473029,0
0.104641,0.0522967,0
0.114641,0.0572892,0
0.124641,0.0622803,0
0.0461142,0.0230551,0
0.0561142,0.0280534,0
0.0661142,0.0330511,0
0.0761142,0.0380479,0
0.0861142,0.0430438,0
0.0961142,0.0480386,0
0.106114,0.0530322,0
0.116114,0.0580245,0
0.126114,0.0630153,0
0.136114,0.0680046,0
0.0582857,0.0291387,0
0.0682857,0.0341362,0
0.0782857,0.0391329,0
0.0882857,0.0441285,0
0.0982857,0.0491231,0
0.108286,0.0541164,0
0.118286,0.0591084,0
0.128286,0.0640989,0
0.138286,0.0690878,0
0.148286,0.0740749,0
0.0707852,0.0353852,0
0.0807852,0.0403816,0
0.0907852,0.045377,0
0.100785,0.0503713,0
0.110785,0.0553643,0
0.120785,0.0603559,0
0.130785,0.065346,0
0.140785,0.0703345,0
0.150785,0.0753212,0
0.160785,0.080306,0
0.0848306,0.0424026,0
0.0948306,0.0473975,0
0.104831,0.0523913,0
0.114831,0.0573837,0
0.124831,0.0623748,0
0.134831,0.0673642,0
0.144831,0.072352,0
0.154831,0.077338,0
0.164831,0.082322,0
0.174831,0.087304,0
0.0999257,0.0499421,0
0.109926,0.0549352,0
0.119926,0.0599269,0
0.129926,0.0649172,0
0.139926,0.0699058,0
0.149926,0.0748926,0
0.159926,0.0798776,0
0.169926,0.0848607,0
0.179926,0.0898415,0
0.189926,0.0948202,0
0.116065,0.0579997,0
0.126065,0.0629906,0
0.136065,0.0679798,0
0.146065,0.0729674,0
0.156065,0.0779531,0
0.166065,0.0829369,0
0.176065,0.0879187,0
0.186065,0.0928982,0
0.196065,0.0978754,0
0.206065,0.10285,0
0.127369,0.0636413,0
0.137369,0.0686303,0
0.147369,0.0736176,0
0.157369,0.0786031,0
0.167369,0.0835867,0
0.177369,0.0885681,0
0.187369,0.0935473,0
0.197369,0.0985242,0
0.207369,0.103499,0
0.217369,0.10847,0
0.144899,0.072386,0
0.154899,0.077372,0
0.164899,0.082356,0
0.174899,0.0873379,0
0.184899,0.0923177,0
0.194899,0.0972952,0
0.204899,0.10227,0
0.214899,0.107243,0
0.224899,0.112213,0
0.234899,0.11718,0
0.162566,0.0811935,0
0.172566,0.086176,0
0.182566,0.0911563,0
0.192566,0.0961343,0
0.202566,0.10111,0
0.212566,0.106083,0
0.222566,0.111053,0
0.232566,0.116021,0
0.242566,0.120986,0
0.252566,0.125948,0
0.180894,0.0903239,0
0.190894,0.0953023,0
0.200894,0.100278,0
0.210894,0.105252,0
0.220894,0.110223,0
0.230894,0.115191,0
0.240894,0.120156,0
0.250894,0.125118,0
0.260894,0.130078,0
0.270894,0.135033,0
0.199321,0.0994956,0
0.209321,0.10447,0
0.219321,0.109441,0
0.229321,0.114409,0
0.239321,0.119375,0
0.249321,0.124338,0
0.259321,0.129297,0
0.269321,0.134254,0
0.279321,0.139207,0
0.289321,0.144156,0
0.216942,0.108259,0
0.226942,0.113228,0
0.236942,0.118194,0
0.246942,0.123158,0
0.256942,0.128118,0
0.266942,0.133075,0
0.276942,0.138029,0
0.286942,0.14298,0
0.296942,0.147926,0
0.306942,0.152869,0
0.232527,0.116002,0
0.242527,0.120967,0
0.252527,0.125928,0
0.262527,0.130887,0
0.272527,0.135842,0
0.282527,0.140794,0
0.292527,0.145743,0
0.302527,0.150687,0
0.312527,0.155628,0
0.322527,0.160565,0
0.246993,0.123183,0
0.256993,0.128143,0
0.266993,0.1331,0
0.276993,0.138054,0
0.286993,0.143004,0
0.296993,0.147951,0
0.306993,0.152894,0
0.316993,0.157834,0
0.326993,0.162769,0
0.336993,0.1677,0
0.259482,0.129377,0
0.269482,0.134334,0
0.279482,0.139287,0
0.289482,0.144236,0
0.299482,0.149182,0
0.309482,0.154124,0
0.319482,0.159063,0
0.329482,0.163997,0
0.339482,0.168927,0
0.349482,0.173853,0
0.270894,0.135033,0
0.280894,0.139986,0
0.290894,0.144935,0
0.300894,0.14988,0
0.310894,0.154822,0
0.320894,0.159759,0
0.330894,0.164693,0
0.340894,0.169623,0
0.350894,0.174548,0
0.360894,0.179469,0
0.282059,0.140563,0
0.292059,0.145511,0
0.302059,0.150456,0
0.312059,0.155397,0
0.322059,0.160335,0
0.332059,0.165268,0
0.342059,0.170197,0
0.352059,0.175122,0
0.362059,0.180043,0
0.372059,0.184959,0
0.293366,0.146157,0
0.303366,0.151102,0
0.313366,0.156043,0
0.323366,0.160979,0
0.333366,0.165912,0
0.343366,0.170841,0
0.353366,0.175765,0
0.363366,0.180685,0
0.373366,0.1856,0
0.383366,0.190511,0
0.305077,0.151948,0
0.315077,0.156888,0
0.325077,0.161824,0
0.335077,0.166756,0
0.345077,0.171684,0
0.355077,0.176607,0
0.365077,0.181526,0
0.375077,0.186441,0
0.385077,0.191351,0
0.395077,0.196256,0
0.317397,0.158033,0
0.327397,0.162969,0
0.337397,0.1679,0
0.347397,0.172827,0
0.357397,0.177749,0
0.367397,0.182667,0
0.377397,0.187581,0
0.387397,0.19249,0
0.397397,0.197394,0
0.407397,0.202293,0
0.330489,0.164494,0
0.340489,0.169423,0
0.350489,0.174349,0
0.360489,0.17927,0
0.370489,0.184187,0
0.380489,0.189099,0
0.390489,0.194006,0
0.400489,0.198909,0
0.410489,0.203807,0
0.420489,0.208699,0
0.344411,0.171355,0
0.354411,0.176279,0
0.364411,0.181199,0
0.374411,0.186114,0
0.384411,0.191024,0
0.394411,0.19593,0
0.404411,0.20083,0
0.414411,0.205726,0
0.424411,0.210616,0
0.434411,0.215501,0
0.353807,0.175982,0
0.363807,0.180902,0
0.373807,0.185817,0
0.383807,0.190728,0
0.393807,0.195634,0
0.403807,0.200535,0
0.413807,0.20543,0
0.423807,0.210321,0
0.433807,0.215207,0
0.443807,0.220087,0
0.368358,0.18314,0
0.378358,0.188053,0
0.388358,0.192961,0
0.398358,0.197865,0
0.408358,0.202763,0
0.418358,0.207657,0
0.428358,0.212545,0
0.438358,0.217428,0
0.448358,0.222306,0
0.458358,0.227178,0
0.383172,0.190416,0
0.393172,0.195322,0
0.403172,0.200223,0
0.413172,0.20512,0
0.423172,0.210011,0
0.433172,0.214896,0
0.443172,0.219777,0
0.453172,0.224652,0
0.463172,0.229521,0
0.473172,0.234385,0
0.39776,0.197572,0
0.40776,0.20247,0
0.41776,0.207364,0
0.42776,0.212253,0
0.43776,0.217136,0
0.44776,0.222014,0
0.45776,0.226887,0
0.46776,0.231754,0
0.47776,0.236615,0
0.48776,0.24147,0
0.412577,0.204828,0
0.422577,0.20972,0
0.432577,0.214606,0
0.442577,0.219487,0
0.452577,0.224362,0
0.462577,0.229232,0
0.472577,0.234096,0
0.482577,0.238954,0
0.492577,0.243806,0
0.502577,0.248652,0
0.42773,0.212238,0
0.43773,0.217122,0
0.44773,0.222,0
0.45773,0.226872,0
0.46773,0.231739,0
0.47773,0.2366,0
0.48773,0.241455,0
0.49773,0.246304,0
0.50773,0.251147,0
0.51773,0.255983,0
0.443072,0.219728,0
0.453072,0.224603,0
0.463072,0.229473,0
0.473072,0.234337,0
0.483072,0.239194,0
0.493072,0.244046,0
0.503072,0.248892,0
0.513072,0.253731,0
0.523072,0.258565,0
0.533072,0.263391,0
0.457791,0.226902,0
0.467791,0.231769,0
0.477791,0.23663,0
0.487791,0.241485,0
0.497791,0.246334,0
0.507791,0.251177,0
0.517791,0.256013,0
0.527791,0.260843,0
0.537791,0.265667,0
0.547791,0.270484,0
0.472798,0.234203,0
0.482798,0.239061,0
0.492798,0.243913,0
0.502798,0.248759,0
0.512798,0.253599,0
0.522798,0.258432,0
0.532798,0.263259,0
0.542798,0.26808,0
0.552798,0.272893,0
0.562798,0.2777,0
0.487427,0.241308,0
0.497427,0.246157,0
0.507427,0.251,0
0.517427,0.255837,0
0.527427,0.260668,0
0.537427,0.265491,0
0.547427,0.270309,0
0.557427,0.275119,0
0.567427,0.279923,0
0.577427,0.284719,0
0.50177,0.248261,0
0.51177,0.253102,0
0.52177,0.257936,0
0.53177,0.262763,0
0.54177,0.267584,0
0.55177,0.272399,0
0.56177,0.277206,0
0.57177,0.282007,0
0.58177,0.2868,0
0.59177,0.291587,0
0.516038,0.255166,0
0.526038,0.259997,0
0.536038,0.264822,0
0.546038,0.26964,0
0.556038,0.274451,0
0.566038,0.279256,0
0.576038,0.284053,0
0.586038,0.288844,0
0.596038,0.293627,0
0.606038,0.298403,0
0.53042,0.262112,0
0.54042,0.266934,0
0.55042,0.271749,0
0.56042,0.276558,0
0.57042,0.281359,0
0.58042,0.286153,0
0.59042,0.290941,0
0.60042,0.295721,0
0.61042,0.300494,0
0.62042,0.305259,0
0.545,0.26914,0
0.555,0.273952,0
0.565,0.278757,0
0.575,0.283556,0
0.585,0.288347,0
0.595,0.293131,0
0.605,0.297908,0
0.615,0.302677,0
0.625,0.307438,0
0.635,0.312192,0
0.559876,0.276296,0
0.569876,0.281098,0
0.579876,0.285893,0
0.589876,0.29068,0
0.599876,0.295461,0
0.609876,0.300234,0
0.619876,0.304999,0
0.629876,0.309757,0
0.639876,0.314508,0
0.649876,0.31925,0
0.57488,0.283498,0
0.58488,0.288289,0
0.59488,0.293073,0
0.60488,0.29785,0
0.61488,0.30262,0
0.62488,0.307381,0
0.63488,0.312135,0
0.64488,0.316882,0
0.65488,0.32162,0
0.66488,0.32635,0
0.589836,0.290661,0
0.599836,0.295442,0
0.609836,0.300215,0
0.619836,0.30498,0
0.629836,0.309738,0
0.639836,0.314489,0
0.649836,0.319231,0
0.659836,0.323965,0
0.669836,0.328692,0
0.679836,0.33341,0
0.599823,0.295435,0
0.609823,0.300209,0
0.619823,0.304974,0
0.629823,0.309732,0
0.639823,0.314482,0
0.649823,0.319225,0
0.659823,0.323959,0
0.669823,0.328685,0
0.679823,0.333403,0
0.689823,0.338113,0
0.614802,0.302582,0
0.624802,0.307344,0
0.634802,0.312098,0
0.644802,0.316845,0
0.654802,0.321583,0
0.664802,0.326313,0
0.674802,0.331036,0
0.684802,0.33575,0
0.694802,0.340455,0
0.704802,0.345152,0
0.629749,0.309697,0
0.639749,0.314448,0
0.649749,0.31919,0
0.659749,0.323925,0
0.669749,0.328651,0
0.679749,0.333369,0
0.689749,0.338079,0
0.699749,0.34278,0
0.709749,0.347473,0
0.719749,0.352157,0
0.644681,0.316787,0
0.654681,0.321526,0
0.664681,0.326256,0
0.674681,0.330979,0
0.684681,0.335693,0
0.694681,0.340398,0
0.704681,0.345095,0
0.714681,0.349784,0
0.724681,0.354464,0
0.734681,0.359135,0
0.659557,0.323833,0
0.669557,0.32856,0
0.679557,0.333278,0
0.689557,0.337988,0
0.699557,0.34269,0
0.709557,0.347382,0
0.719557,0.352067,0
0.729557,0.356742,0
0.739557,0.361409,0
0.749557,0.366066,0
0.674377,0.330835,0
0.684377,0.335549,0
0.694377,0.340255,0
0.704377,0.344953,0
0.714377,0.349642,0
0.724377,0.354322,0
0.734377,0.358993,0
0.744377,0.363655,0
0.754377,0.368308,0
0.764377,0.372952,0
0.689161,0.337802,0
0.699161,0.342504,0
0.709161,0.347197,0
0.719161,0.351882,0
0.729161,0.356557,0
0.739161,0.361224,0
0.749161,0.365882,0
0.759161,0.370531,0
0.769161,0.37517,0
0.779161,0.3798,0
0.703936,0.344746,0
0.713936,0.349435,0
0.723936,0.354115,0
0.733936,0.358787,0
0.743936,0.363449,0
0.753936,0.368103,0
0.763936,0.372747,0
0.773936,0.377382,0
0.783936,0.382008,0
0.793936,0.386624,0
0.718723,0.351677,0
0.728723,0.356353,0
0.738723,0.36102,0
0.748723,0.365678,0
0.758723,0.370327,0
0.768723,0.374967,0
0.778723,0.379598,0
0.788723,0.384219,0
0.798723,0.38883,0
0.808723,0.393432,0
0.733537,0.358601,0
0.743537,0.363264,0
0.753537,0.367917,0
0.763537,0.372562,0
0.773537,0.377197,0
0.783537,0.381823,0
0.793537,0.38644,0
0.803537,0.391046,0
0.813537,0.395643,0
0.823537,0.40023,0
0.748378,0.365518,0
0.758378,0.370167,0
0.768378,0.374807,0
0.778378,0.379438,0
0.788378,0.38406,0
0.798378,0.388671,0
0.808378,0.393273,0
0.818378,0.397865,0
0.828378,0.402448,0
0.838378,0.40702,0
0.763242,0.372425,0
0.773242,0.377061,0
0.783242,0.381687,0
0.793242,0.386304,0
0.803242,0.390911,0
0.813242,0.395508,0
0.823242,0.400095,0
0.833242,0.404673,0
0.843242,0.40924,0
0.853242,0.413797,0
0.77812,0.379319,0
0.78812,0.383941,0
0.79812,0.388552,0
0.80812,0.393155,0
0.81812,0.397747,0
0.82812,0.40233,0
0.83812,0.406902,0
0.84812,0.411464,0
0.85812,0.416016,0
0.86812,0.420558,0
0.793005,0.386195,0
0.803005,0.390802,0
0.813005,0.395399,0
0.823005,0.399987,0
0.833005,0.404564,0
0.843005,0.409132,0
0.853005,0.413689,0
0.863005,0.418236,0
0.873005,0.422772,0
0.883005,0.427298,0
0.807889,0.393048,0
0.817889,0.397641,0
0.827889,0.402224,0
0.837889,0.406796,0
0.847889,0.411359,0
0.857889,0.415911,0
0.867889,0.420453,0
0.877889,0.424984,0
0.887889,0.429505,0
0.897889,0.434015,0
0.822766,0.399877,0
0.832766,0.404455,0
0.842766,0.409023,0
0.852766,0.41358,0
0.862766,0.418127,0
0.872766,0.422664,0
0.882766,0.42719,0
0.892766,0.431706,0
0.902766,0.43621,0
0.912766,0.440704,0
0.832678,0.404415,0
0.842678,0.408983,0
0.852678,0.41354,0
0.862678,0.418087,0
0.872678,0.422624,0
0.882678,0.42715,0
0.892678,0.431666,0
0.902678,0.436171,0
0.912678,0.440665,0
0.922678,0.445147,0
0.847539,0.411199,0
0.857539,0.415752,0
0.867539,0.420294,0
0.877539,0.424826,0
0.887539,0.429347,0
0.897539,0.433857,0
0.907539,0.438357,0
0.917539,0.442845,0
0.927539,0.447323,0
0.937539,0.451789,0
0.862393,0.417958,0
0.872393,0.422495,0
0.882393,0.427022,0
0.892393,0.431537,0
0.902393,0.436043,0
0.912393,0.440537,0
0.922393,0.44502,0
0.932393,0.449492,0
0.942393,0.453953,0
0.952393,0.458402,0
0.877234,0.424688,0
0.887234,0.429209,0
0.897234,0.43372,0
0.907234,0.43822,0
0.917234,0.442708,0
0.927234,0.447186,0
0.937234,0.451653,0
0.947234,0.456108,0
0.957234,0.460552,0
0.967234,0.464984,0
0.892073,0.431393,0
0.902073,0.435899,0
0.912073,0.440393,0
0.922073,0.444877,0
0.932073,0.449349,0
0.942073,0.45381,0
0.952073,0.45826,0
0.962073,0.462698,0
0.972073,0.467125,0
0.982073,0.47154,0
0.906915,0.438076,0
0.916915,0.442565,0
0.926915,0.447044,0
0.936915,0.451511,0
0.946915,0.455966,0
0.956915,0.46041,0
0.966915,0.464843,0
0.976915,0.469264,0
0.986915,0.473674,0
0.996915,0.478071,0
0.921761,0.444737,0
0.931761,0.44921,0
0.941761,0.453671,0
0.951761,0.458121,0
0.961761,0.46256,0
0.971761,0.466987,0
0.981761,0.471403,0
0.991761,0.475806,0
1.00176,0.480198,0
1.01176,0.484578,0
0.936612,0.451375,0
0.946612,0.455831,0
0.956612,0.460276,0
0.966612,0.464709,0
0.976612,0.46913,0
0.986612,0.47354,0
0.996612,0.477938,0
1.00661,0.482324,0
1.01661,0.486698,0
1.02661,0.49106,0
0.951467,0.457991,0
0.961467,0.46243,0
0.971467,0.466857,0
0.981467,0.471273,0
0.991467,0.475677,0
1.00147,0.480069,0
1.01147,0.484449,0
1.02147,0.488817,0
1.03147,0.493173,0
1.04147,0.497517,0
0.966325,0.464582,0
0.976325,0.469004,0
0.986325,0.473414,0
0.996325,0.477812,0
1.00633,0.482199,0
1.01633,0.486573,0
1.02633,0.490935,0
1.03633,0.495285,0
1.04633,0.499622,0
1.05633,0.503947,0
0.981185,0.471149,0
0.991185,0.475553,0
1.00118,0.479945,0
1.01118,0.484326,0
1.02118,0.488694,0
1.03118,0.49305,0
1.04118,0.497394,0
1.05118,0.501726,0
1.06118,0.506044,0
1.07118,0.510351,0
0.996044,0.477689,0
1.00604,0.482076,0
1.01604,0.48645,0
1.02604,0.490813,0
1.03604,0.495163,0
1.04604,0.499501,0
1.05604,0.503826,0
1.06604,0.508139,0
1.07604,0.512439,0
1.08604,0.516726,0
1.0109,0.484202,0
1.0209,0.488571,0
1.0309,0.492927,0
1.0409,0.497272,0
1.0509,0.501603,0
1.0609,0.505922,0
1.0709,0.510229,0
1.0809,0.514523,0
1.0909,0.518804,0
1.1009,0.523072,0
1.02576,0.490688,0
1.03576,0.495038,0
1.04576,0.499376,0
1.05576,0.503702,0
1.06576,0.508015,0
1.07576,0.512315,0
1.08576,0.516603,0
1.09576,0.520878,0
1.10576,0.525139,0
1.11576,0.529388,0
1.04061,0.497145,0
1.05061,0.501477,0
1.06061,0.505797,0
1.07061,0.510104,0
1.08061,0.514398,0
1.09061,0.518679,0
1.10061,0.522947,0
1.11061,0.527203,0
1.12061,0.531445,0
1.13061,0.535674,0
1.05546,0.503574,0
1.06546,0.507888,0
1.07546,0.512188,0
1.08546,0.516476,0
1.09546,0.520751,0
1.10546,0.525013,0
1.11546,0.529262,0
1.12546,0.533498,0
1.13546,0.53772,0
1.14546,0.541929,0
1.06536,0.507845,0
1.07536,0.512146,0
1.08536,0.516434,0
1.09536,0.520709,0
1.10536,0.524971,0
1.11536,0.52922,0
1.12536,0.533456,0
1.13536,0.537678,0
1.14536,0.541887,0
1.15536,0.546083,0
1.08021,0.514227,0
1.09021,0.518509,0
1.10021,0.522778,0
1.11021,0.527034,0
1.12021,0.531277,0
1.13021,0.535506,0
1.14021,0.539722,0
1.15021,0.543924,0
1.16021,0.548113,0
1.17021,0.552288,0
1.09507,0.520583,0
1.10507,0.524846,0
1.11507,0.529095,0
1.12507,0.533331,0
1.13507,0.537554,0
1.14507,0.541763,0
1.15507,0.545959,0
1.16507,0.550141,0
1.17507,0.55431,0
1.18507,0.558465,0
1.10992,0.52691,0
1.11992,0.531153,0
1.12992,0.535383,0
1.13992,0.539599,0
1.14992,0.543802,0
1.15992,0.547991,0
1.16992,0.552167,0
1.17992,0.556328,0
1.18992,0.560476,0
1.19992,0.56461,0
1.12477,0.533207,0
1.13477,0.53743,0
1.14477,0.54164,0
1.15477,0.545836,0
1.16477,0.550019,0
1.17477,0.554188,0
1.18477,0.558343,0
1.19477,0.562484,0
1.20477,0.566611,0
1.21477,0.570723,0
1.13963,0.539474,0
1.14963,0.543678,0
1.15963,0.547867,0
1.16963,0.552043,0
1.17963,0.556205,0
1.18963,0.560354,0
1.19963,0.564488,0
1.20963,0.568608,0
1.21963,0.572714,0
1.22963,0.576806,0
1.15448,0.545712,0
1.16448,0.549895,0
1.17448,0.554065,0
1.18448,0.55822,0
1.19448,0.562362,0
1.20448,0.566489,0
1.21448,0.570602,0
1.22448,0.574701,0
1.23448,0.578786,0
1.24448,0.582856,0
1.16933,0.55192,0
1.17933,0.556083,0
1.18933,0.560232,0
1.19933,0.564366,0
1.20933,0.568487,0
1.21933,0.572593,0
1.22933,0.576685,0
1.23933,0.580763,0
1.24933,0.584826,0
1.25933,0.588874,0
1.18418,0.558098,0
1.19418,0.56224,0
1.20418,0.566368,0
1.21418,0.570481,0
1.22418,0.574581,0
1.23418,0.578666,0
1.24418,0.582736,0
1.25418,0.586792,0
1.26418,0.590834,0
1.27418,0.59486,0
1.19904,0.564245,0
1.20904,0.568366,0
1.21904,0.572472,0
1.22904,0.576565,0
1.23904,0.580643,0
1.24904,0.584706,0
1.25904,0.588755,0
1.26904,0.592789,0
1.27904,0.596809,0
1.28904,0.600813,0
1.21389,0.57036,0
1.22389,0.57446,0
1.23389,0.578545,0
1.24389,0.582616,0
1.25389,0.586673,0
1.26389,0.590714,0
1.27389,0.594741,0
1.28389,0.598753,0
1.29389,0.602751,0
1.30389,0.606733,0
1.22874,0.576443,0
1.23874,0.580522,0
1.24874,0.584586,0
1.25874,0.588635,0
1.26874,0.59267,0
1.27874,0.59669,0
1.28874,0.600695,0
1.29874,0.604684,0
1.30874,0.608659,0
1.31874,0.612619,0
1.24359,0.582495,0
1.25359,0.586552,0
1.26359,0.590594,0
1.27359,0.594622,0
1.28359,0.598634,0
1.29359,0.602632,0
1.30359,0.606614,0
1.31359,0.610582,0
1.32359,0.614534,0
1.33359,0.618471,0
1.25844,0.588515,0
1.26844,0.59255,0
1.27844,0.59657,0
1.28844,0.600575,0
1.29844,0.604565,0
1.30844,0.608541,0
1.31844,0.612501,0
1.32844,0.616445,0
1.33844,0.620375,0
1.34844,0.624288,0
1.27329,0.594501,0
1.28329,0.598515,0
1.29329,0.602513,0
1.30329,0.606496,0
1.31329,0.610463,0
1.32329,0.614416,0
1.33329,0.618353,0
1.34329,0.622275,0
1.35329,0.626181,0
1.36329,0.630072,0
1.28814,0.600456,0
1.29814,0.604446,0
1.30814,0.608422,0
1.31814,0.612383,0
1.32814,0.616328,0
1.33814,0.620257,0
1.34814,0.624172,0
1.35814,0.62807,0
1.36814,0.631953,0
1.37814,0.63582,0
1.29804,0.604407,0
1.30804,0.608383,0
1.31804,0.612343,0
1.32804,0.616288,0
1.33804,0.620218,0
1.34804,0.624133,0
1.35804,0.628031,0
1.36804,0.631914,0
1.37804,0.635782,0
1.38804,0.639633,0
1.31289,0.610306,0
1.32289,0.614259,0
1.33289,0.618197,0
1.34289,0.622119,0
1.35289,0.626026,0
1.36289,0.629917,0
1.37289,0.633793,0
1.38289,0.637652,0
1.39289,0.641496,0
1.40289,0.645324,0
1.32775,0.616173,0
1.33775,0.620103,0
1.34775,0.624018,0
1.35775,0.627917,0
1.36775,0.631801,0
1.37775,0.635668,0
1.38775,0.63952,0
1.39775,0.643356,0
1.40775,0.647176,0
1.41775,0.650979,0
1.3426,0.622005,0
1.3526,0.625913,0
1.3626,0.629804,0
1.3726,0.63368,0
1.3826,0.63754,0
1.3926,0.641384,0
1.4026,0.645212,0
1.4126,0.649024,0
1.4226,0.65282,0
1.4326,0.656599,0
1.35745,0.627802,0
1.36745,0.631686,0
1.37745,0.635554,0
1.38745,0.639407,0
1.39745,0.643243,0
1.40745,0.647063,0
1.41745,0.650867,0
1.42745,0.654655,0
1.43745,0.658427,0
1.44745,0.662182,0
1.3723,0.633565,0
1.3823,0.637425,0
1.3923,0.64127,0
1.4023,0.645098,0
1.4123,0.648911,0
1.4223,0.652707,0
1.4323,0.656487,0
1.4423,0.66025,0
1.4523,0.663997,0
1.4623,0.667727,0
1.38715,0.639292,0
1.39715,0.643129,0
1.40715,0.646949,0
1.41715,0.650754,0
1.42715,0.654542,0
1.43715,0.658314,0
1.44715,0.66207,0
1.45715,0.665809,0
1.46715,0.669531,0
1.47715,0.673236,0
1.402,0.644984,0
1.412,0.648797,0
1.422,0.652593,0
1.432,0.656374,0
1.442,0.660138,0
1.452,0.663885,0
1.462,0.667616,0
1.472,0.67133,0
1.482,0.675028,0
1.492,0.678708,0
1.41685,0.65064,0
1.42685,0.654429,0
1.43685,0.658201,0
1.44685,0.661957,0
1.45685,0.665697,0
1.46685,0.669419,0
1.47685,0.673126,0
1.48685,0.676815,0
1.49685,0.680487,0
1.50685,0.684142,0
1.4317,0.656261,0
1.4417,0.660025,0
1.4517,0.663773,0
1.4617,0.667504,0
1.4717,0.671219,0
1.4817,0.674917,0
1.4917,0.678598,0
1.5017,0.682262,0
1.5117,0.685909,0
1.5217,0.689539,0
1.44655,0.661845,0
1.45655,0.665585,0
1.46655,0.669308,0
1.47655,0.673015,0
1.48655,0.676704,0
1.49655,0.680377,0
1.50655,0.684033,0
1.51655,0.687672,0
1.52655,0.691293,0
1.53655,0.694897,0
1.4614,0.667393,0
1.4714,0.671108,0
1.4814,0.674806,0
1.4914,0.678488,0
1.5014,0.682152,0
1.5114,0.6858,0
1.5214,0.68943,0
1.5314,0.693043,0
1.5414,0.696639,0
1.5514,0.700217,0
1.47625,0.672903,0
1.48625,0.676594,0
1.49625,0.680267,0
1.50625,0.683923,0
1.51625,0.687562,0
1.52625,0.691184,0
1.53625,0.694789,0
1.54625,0.698377,0
1.55625,0.701947,0
1.56625,0.705499,0
1.4911,0.678377,0
1.5011,0.682042,0
1.5111,0.68569,0
1.5211,0.689321,0
1.5311,0.692935,0
1.5411,0.696531,0
1.5511,0.70011,0
1.5611,0.703671,0
1.5711,0.707215,0
1.5811,0.710741,0
1.50595,0.683814,0
1.51595,0.687453,0
1.52595,0.691076,0
1.53595,0.694681,0
1.54595,0.698269,0
1.55595,0.701839,0
1.56595,0.705392,0
1.57595,0.708928,0
1.58595,0.712445,0
1.59595,0.715945,0
1.5208,0.689212,0
1.5308,0.692826,0
1.5408,0.696423,0
1.5508,0.700003,0
1.5608,0.703565,0
1.5708,0.707109,0
1.5808,0.710636,0
1.5908,0.714145,0
1.6008,0.717636,0
1.6108,0.721109,0
1.5307,0.69279,0
1.5407,0.696387,0
1.5507,0.699967,0
1.5607,0.703529,0
1.5707,0.707074,0
1.5807,0.7106,0
1.5907,0.71411,0
1.6007,0.717601,0
1.6107,0.721074,0
1.6207,0.724529,0
1.54555,0.698126,0
1.55555,0.701697,0
1.56555,0.705251,0
1.57555,0.708787,0
1.58555,0.712305,0
1.59555,0.715805,0
1.60555,0.719288,0
1.61555,0.722752,0
1.62555,0.726199,0
1.63555,0.729627,0
1.56041,0.703424,0
1.57041,0.706969,0
1.58041,0.710497,0
1.59041,0.714006,0
1.60041,0.717498,0
1.61041,0.720972,0
1.62041,0.724428,0
1.63041,0.727865,0
1.64041,0.731285,0
1.65041,0.734686,0
1.57526,0.708683,0
1.58526,0.712202,0
1.59526,0.715703,0
1.60526,0.719186,0
1.61526,0.722651,0
1.62526,0.726098,0
1.63526,0.729527,0
1.64526,0.732938,0
1.65526,0.73633,0
1.66526,0.739704,0
1.59011,0.713902,0
1.60011,0.717394,0
1.61011,0.720869,0
1.62011,0.724325,0
1.63011,0.727763,0
1.64011,0.731183,0
1.65011,0.734585,0
1.66011,0.737969,0
1.67011,0.741333,0
1.68011,0.74468,0
1.60496,0.719082,0
1.61496,0.722547,0
1.62496,0.725995,0
1.63496,0.729424,0
1.64496,0.732835,0
1.65496,0.736228,0
1.66496,0.739603,0
1.67496,0.742959,0
1.68496,0.746296,0
1.69496,0.749615,0
1.61981,0.724221,0
1.62981,0.72766,0
1.63981,0.731081,0
1.64981,0.734483,0
1.65981,0.737867,0
1.66981,0.741232,0
1.67981,0.744579,0
1.68981,0.747908,0
1.69981,0.751217,0
1.70981,0.754508,0
1.63466,0.729321,0
1.64466,0.732733,0
1.65466,0.736126,0
1.66466,0.739501,0
1.67466,0.742858,0
1.68466,0.746196,0
1.69466,0.749515,0
1.70466,0.752816,0
1.71466,0.756097,0
1.72466,0.75936,0
1.64951,0.734381,0
1.65951,0.737765,0
1.66951,0.741131,0
1.67951,0.744479,0
1.68951,0.747808,0
1.69951,0.751118,0
1.70951,0.754409,0
1.71951,0.757682,0
1.72951,0.760936,0
1.73951,0.76417,0
1.66436,0.7394,0
1.67436,0.742757,0
1.68436,0.746096,0
1.69436,0.749415,0
1.70436,0.752717,0
1.71436,0.755999,0
1.72436,0.759262,0
1.73436,0.762507,0
1.74436,0.765732,0
1.75436,0.768938,0
1.67921,0.744378,0
1.68921,0.747708,0
1.69921,0.751019,0
1.70921,0.754311,0
1.71921,0.757584,0
1.72921,0.760838,0
1.73921,0.764073,0
1.74921,0.767289,0
1.75921,0.770486,0
1.76921,0.773664,0
1.69406,0.749316,0
1.70406,0.752617,0
1.71406,0.7559,0
1.72406,0.759164,0
1.73406,0.762409,0
1.74406,0.765635,0
1.75406,0.768842,0
1.76406,0.77203,0
1.77406,0.775198,0
1.78406,0.778347,0
1.70891,0.754212,0
1.71891,0.757486,0
1.72891,0.76074,0
1.73891,0.763976,0
1.74891,0.767193,0
1.75891,0.77039,0
1.76891,0.773568,0
1.77891,0.776727,0
1.78891,0.779867,0
1.79891,0.782987,0
1.72376,0.759066,0
1.73376,0.762312,0
1.74376,0.765538,0
1.75376,0.768746,0
1.76376,0.771934,0
1.77376,0.775103,0
1.78376,0.778252,0
1.79376,0.781382,0
1.80376,0.784493,0
1.81376,0.787584,0
1.7386,0.763879,0
1.7486,0.767096,0
1.7586,0.770294,0
1.7686,0.773473,0
1.7786,0.776633,0
1.7886,0.779773,0
1.7986,0.782893,0
1.8086,0.785994,0
1.8186,0.789075,0
1.8286,0.792137,0
1.75345,0.76865,0
1.76345,0.771838,0
1.77345,0.775008,0
1.78345,0.778158,0
1.79345,0.781288,0
1.80345,0.784399,0
1.81345,0.787491,0
1.82345,0.790563,0
1.83345,0.793615,0
1.84345,0.796647,0
1.76335,0.771806,0
1.77335,0.774976,0
1.78335,0.778126,0
1.79335,0.781257,0
1.80335,0.784368,0
1.81335,0.78746,0
1.82335,0.790532,0
1.83335,0.793584,0
1.84335,0.796617,0
1.85335,0.799629,0
1.77821,0.776507,0
1.78821,0.779647,0
1.79821,0.782769,0
1.80821,0.785871,0
1.81821,0.788953,0
1.82821,0.792015,0
1.83821,0.795058,0
1.84821,0.79808,0
1.85821,0.801083,0
1.86821,0.804066,0
1.79306,0.781165,0
1.80306,0.784277,0
1.81306,0.787369,0
1.82306,0.790441,0
1.83306,0.793494,0
1.84306,0.796527,0
1.85306,0.79954,0
1.86306,0.802533,0
1.87306,0.805506,0
1.88306,0.808459,0
1.80791,0.78578,0
1.81791,0.788863,0
1.82791,0.791926,0
1.83791,0.794969,0
1.84791,0.797992,0
1.85791,0.800996,0
1.86791,0.803979,0
1.87791,0.806942,0
1.88791,0.809885,0
1.89791,0.812808,0
1.82276,0.790351,0
1.83276,0.793404,0
1.84276,0.796438,0
1.85276,0.799451,0
1.86276,0.802445,0
1.87276,0.805418,0
1.88276,0.808372,0
1.89276,0.811305,0
1.90276,0.814218,0
1.91276,0.817111,0
1.83761,0.794878,0
1.84761,0.797902,0
1.85761,0.800906,0
1.86761,0.803889,0
1.87761,0.806853,0
1.88761,0.809797,0
1.89761,0.81272,0
1.90761,0.815623,0
1.91761,0.818506,0
1.92761,0.821368,0
1.85246,0.799361,0
1.86246,0.802355,0
1.87246,0.805329,0
1.88246,0.808283,0
1.89246,0.811217,0
1.90246,0.814131,0
1.91246,0.817024,0
1.92246,0.819897,0
1.93246,0.822749,0
1.94246,0.825581,0
1.86731,0.8038,0
1.87731,0.806765,0
1.88731,0.809709,0
1.89731,0.812633,0
1.90731,0.815537,0
1.91731,0.81842,0
1.92731,0.821283,0
1.93731,0.824125,0
1.94731,0.826947,0
1.95731,0.829748,0
1.88216,0.808195,0
1.89216,0.81113,0
1.90216,0.814044,0
1.91216,0.816938,0
1.92216,0.819811,0
1.93216,0.822664,0
1.94216,0.825496,0
1.95216,0.828308,0
1.96216,0.831099,0
1.97216,0.833869,0
1.89701,0.812545,0
1.90701,0.81545,0
1.91701,0.818334,0
1.92701,0.821197,0
1.93701,0.82404,0
1.94701,0.826862,0
1.95701,0.829664,0
1.96701,0.832445,0
1.97701,0.835205,0
1.98701,0.837944,0
1.91186,0.816851,0
1.92186,0.819725,0
1.93186,0.822579,0
1.94186,0.825412,0
1.95186,0.828224,0
1.96186,0.831015,0
1.97186,0.833786,0
1.98186,0.836536,0
1.99186,0.839265,0
2.00186,0.841974,0
1.92671,0.821112,0
1.93671,0.823955,0
1.94671,0.826778,0
1.95671,0.82958,0
1.96671,0.832362,0
1.97671,0.835123,0
1.98671,0.837863,0
1.99671,0.840582,0
2.00671,0.843279,0
2.01671,0.845956,0
1.94156,0.825327,0
1.95156,0.82814,0
1.96156,0.830932,0
1.97156,0.833704,0
1.98156,0.836454,0
1.99156,0.839184,0
2.00156,0.841893,0
2.01156,0.84458,0
2.02156,0.847247,0
2.03156,0.849892,0
1.95641,0.829497,0
1.96641,0.832279,0
1.97641,0.83504,0
1.98641,0.837781,0
1.99641,0.8405,0
2.00641,0.843199,0
2.01641,0.845876,0
2.02641,0.848533,0
2.03641,0.851168,0
2.04641,0.853782,0
1.97126,0.833621,0
1.98126,0.836372,0
1.99126,0.839103,0
2.00126,0.841812,0
2.01126,0.8445,0
2.02126,0.847168,0
2.03126,0.849814,0
2.04126,0.852438,0
2.05126,0.855042,0
2.06126,0.857624,0
1.98611,0.837699,0
1.99611,0.840419,0
2.00611,0.843119,0
2.01611,0.845797,0
2.02611,0.848454,0
2.03611,0.851089,0
2.04611,0.853704,0
2.05611,0.856297,0
2.06611,0.858869,0
2.07611,0.861419,0
2.00096,0.841731,0
2.01096,0.84442,0
2.02096,0.847088,0
2.03096,0.849735,0
2.04096,0.85236,0
2.05096,0.854964,0
2.06096,0.857547,0
2.07096,0.860108,0
2.08096,0.862648,0
2.09096,0.865166,0
2.01086,0.844394,0
2.02086,0.847062,0
2.03086,0.849709,0
2.04086,0.852334,0
2.05086,0.854938,0
2.06086,0.857521,0
2.07086,0.860083,0
2.08086,0.862623,0
2.09086,0.865141,0
2.10086,0.867638,0
2.02572,0.848349,0
2.03572,0.850985,0
2.04572,0.8536,0
2.05572,0.856194,0
2.06572,0.858767,0
2.07572,0.861318,0
2.08572,0.863848,0
2.09572,0.866356,0
2.10572,0.868842,0
2.11572,0.871306,0
2.04057,0.852258,0
2.05057,0.854862,0
2.06057,0.857446,0
2.07057,0.860008,0
2.08057,0.862549,0
2.09057,0.865068,0
2.10057,0.867565,0
2.11057,0.870041,0
2.12057,0.872495,0
2.13057,0.874927,0
2.05542,0.856118,0
2.06542,0.858692,0
2.07542,0.861243,0
2.08542,0.863774,0
2.09542,0.866282,0
2.10542,0.868769,0
2.11542,0.871234,0
2.12542,0.873678,0
2.13542,0.876099,0
2.14542,0.878499,0
2.07027,0.859932,0
2.08027,0.862473,0
2.09027,0.864993,0
2.10027,0.867491,0
2.11027,0.869968,0
2.12027,0.872422,0
2.13027,0.874855,0
2.14027,0.877266,0
2.15027,0.879655,0
2.16027,0.882022,0
2.08512,0.863699,0
2.09512,0.866208,0
2.10512,0.868695,0
2.11512,0.871161,0
2.12512,0.873605,0
2.13512,0.876028,0
2.14512,0.878428,0
2.15512,0.880806,0
2.16512,0.883163,0
2.17512,0.885497,0
2.09998,0.867417,0
2.10998,0.869894,0
2.11998,0.87235,0
2.12998,0.874783,0
2.13998,0.877195,0
2.14998,0.879585,0
2.15998,0.881952,0
2.16998,0.884298,0
2.17998,0.886621,0
2.18998,0.888923,0
2.11483,0.871088,0
2.12483,0.873533,0
2.13483,0.875956,0
2.14483,0.878357,0
2.15483,0.880736,0
2.16483,0.883093,0
2.17483,0.885428,0
2.18483,0.887741,0
2.19483,0.890031,0
2.20483,0.8923,0
2.12968,0.874711,0
2.13968,0.877124,0
2.14968,0.879514,0
2.15968,0.881882,0
2.16968,0.884229,0
2.17968,0.886553,0
2.18968,0.888855,0
2.19968,0.891135,0
2.20968,0.893392,0
2.21968,0.895627,0
2.14453,0.878286,0
2.15453,0.880666,0
2.16453,0.883023,0
2.17453,0.885359,0
2.18453,0.887673,0
2.19453,0.889964,0
2.20453,0.892233,0
2.21453,0.89448,0
2.22453,0.896704,0
2.23453,0.898906,0
2.15938,0.881813,0
2.16938,0.884159,0
2.17938,0.886484,0
2.18938,0.888787,0
2.19938,0.891068,0
2.20938,0.893326,0
2.21938,0.895562,0
2.22938,0.897775,0
2.23938,0.899966,0
2.24938,0.902135,0
2.17424,0.88529,0
2.18424,0.887604,0
2.19424,0.889896,0
2.20424,0.892166,0
2.21424,0.894413,0
2.22424,0.896638,0
2.23424,0.898841,0
2.24424,0.901021,0
2.25424,0.903179,0
2.26424,0.905314,0
2.18909,0.888719,0
2.19909,0.891,0
2.20909,0.893259,0
2.21909,0.895496,0
2.22909,0.89771,0
2.23909,0.899902,0
2.24909,0.902071,0
2.25909,0.904218,0
2.26909,0.906342,0
2.27909,0.908443,0
2.20394,0.892099,0
2.21394,0.894347,0
2.22394,0.896573,0
2.23394,0.898776,0
2.24394,0.900957,0
2.25394,0.903115,0
2.26394,0.905251,0
2.27394,0.907364,0
2.28394,0.909455,0
2.29394,0.911522,0
2.21879,0.89543,0
2.22879,0.897645,0
2.23879,0.899837,0
2.24879,0.902007,0
2.25879,0.904155,0
2.26879,0.906279,0
2.27879,0.908381,0
2.28879,0.910461,0
2.29879,0.912517,0
2.30879,0.914551,0
2.23365,0.898712,0
2.24365,0.900893,0
2.25365,0.903052,0
2.26365,0.905189,0
2.27365,0.907302,0
2.28365,0.909393,0
2.29365,0.911462,0
2.30365,0.913507,0
2.31365,0.91553,0
2.32365,0.91753,0
2.24355,0.900872,0
2.25355,0.903031,0
2.26355,0.905168,0
2.27355,0.907282,0
2.28355,0.909373,0
2.29355,0.911441,0
2.30355,0.913487,0
2.31355,0.91551,0
2.32355,0.91751,0
2.33355,0.919487,0
2.2584,0.904071,0
2.2684,0.906197,0
2.2784,0.9083,0
2.2884,0.91038,0
2.2984,0.912437,0
2.3084,0.914472,0
2.3184,0.916484,0
2.3284,0.918473,0
2.3384,0.920439,0
2.3484,0.922382,0
2.27326,0.907221,0
2.28326,0.909313,0
2.29326,0.911382,0
2.30326,0.913428,0
2.31326,0.915452,0
2.32326,0.917453,0
2.33326,0.91943,0
2.34326,0.921385,0
2.35326,0.923317,0
2.36326,0.925226,0
2.28812,0.910321,0
2.29812,0.912379,0
2.30812,0.914414,0
2.31812,0.916427,0
2.32812,0.918416,0
2.33812,0.920383,0
2.34812,0.922326,0
2.35812,0.924247,0
2.36812,0.926144,0
2.37812,0.928019,0
2.30297,0.91337,0
2.31297,0.915394,0
2.32297,0.917395,0
2.33297,0.919374,0
2.34297,0.921329,0
2.35297,0.923261,0
2.36297,0.925171,0
2.37297,0.927057,0
2.38297,0.92892,0
2.39297,0.93076,0
2.31782,0.916368,0
2.32782,0.918358,0
2.33782,0.920326,0
2.34782,0.92227,0
2.35782,0.924191,0
2.36782,0.926089,0
2.37782,0.927964,0
2.38782,0.929816,0
2.39782,0.931644,0
2.40782,0.933449,0
2.33268,0.919316,0
2.34268,0.921272,0
2.35268,0.923205,0
2.36268,0.925115,0
2.37268,0.927002,0
2.38268,0.928866,0
2.39268,0.930706,0
2.40268,0.932523,0
2.41268,0.934317,0
2.42268,0.936088,0
2.34753,0.922214,0
2.35753,0.924135,0
2.36753,0.926034,0
2.37753,0.92791,0
2.38753,0.929762,0
2.39753,0.931591,0
2.40753,0.933397,0
2.41753,0.93518,0
2.42753,0.936939,0
2.43753,0.938675,0
2.36239,0.92506,0
2.37239,0.926948,0
2.38239,0.928812,0
2.39239,0.930653,0
2.40239,0.932471,0
2.41239,0.934266,0
2.42239,0.936037,0
2.43239,0.937785,0
2.44239,0.939509,0
2.45239,0.94121,0
2.37724,0.927856,0
2.38724,0.929709,0
2.39724,0.931539,0
2.40724,0.933345,0
2.41724,0.935128,0
2.42724,0.936888,0
2.43724,0.938625,0
2.44724,0.940338,0
2.45724,0.942027,0
2.46724,0.943693,0
2.3921,0.9306,0
2.4021,0.932419,0
2.4121,0.934214,0
2.4221,0.935986,0
2.4321,0.937734,0
2.4421,0.939459,0
2.4521,0.941161,0
2.4621,0.942839,0
2.4721,0.944493,0
2.4821,0.946124,0
2.40695,0.933293,0
2.41695,0.935077,0
2.42695,0.936838,0
2.43695,0.938575,0
2.44695,0.940288,0
2.45695,0.941978,0
2.46695,0.943645,0
2.47695,0.945288,0
2.48695,0.946907,0
2.49695,0.948503,0
2.42181,0.935935,0
2.43181,0.937684,0
2.44181,0.93941,0
2.45181,0.941112,0
2.46181,0.942791,0
2.47181,0.944446,0
2.48181,0.946077,0
2.49181,0.947685,0
2.50181,0.949269,0
2.51181,0.95083,0
2.43666,0.938525,0
2.44666,0.940239,0
2.45666,0.94193,0
2.46666,0.943597,0
2.47666,0.945241,0
2.48666,0.946861,0
2.49666,0.948457,0
2.50666,0.95003,0
2.51666,0.951579,0
2.52666,0.953104,0
2.45152,0.941063,0
2.46152,0.942743,0
2.47152,0.944398,0
2.48152,0.946031,0
2.49152,0.947639,0
2.50152,0.949224,0
2.51152,0.950785,0
2.52152,0.952322,0
2.53152,0.953836,0
2.54152,0.955326,0
2.46638,0.94355,0
2.47638,0.945194,0
2.48638,0.946815,0
2.49638,0.948412,0
2.50638,0.949985,0
2.51638,0.951535,0
2.52638,0.95306,0
2.53638,0.954562,0
2.54638,0.956041,0
2.55638,0.957495,0
2.47628,0.945178,0
2.48628,0.946799,0
2.49628,0.948397,0
2.50628,0.94997,0
2.51628,0.95152,0
2.52628,0.953046,0
2.53628,0.954548,0
2.54628,0.956027,0
2.55628,0.957481,0
2.56628,0.958912,0
2.49114,0.947578,0
2.50114,0.949164,0
2.51114,0.950726,0
2.52114,0.952264,0
2.53114,0.953779,0
2.54114,0.955269,0
2.55114,0.956736,0
2.56114,0.958179,0
2.57114,0.959598,0
2.58114,0.960993,0
2.506,0.949926,0
2.516,0.951476,0
2.526,0.953003,0
2.536,0.954506,0
2.546,0.955985,0
2.556,0.95744,0
2.566,0.958871,0
2.576,0.960279,0
2.586,0.961662,0
2.596,0.963021,0
2.52086,0.952221,0
2.53086,0.953737,0
2.54086,0.955228,0
2.55086,0.956695,0
2.56086,0.958139,0
2.57086,0.959558,0
2.58086,0.960954,0
2.59086,0.962325,0
2.60086,0.963673,0
2.61086,0.964996,0
2.53572,0.954464,0
2.54572,0.955944,0
2.55572,0.957399,0
2.56572,0.958831,0
2.57572,0.960239,0
2.58572,0.961623,0
2.59572,0.962983,0
2.60572,0.964319,0
2.61572,0.96563,0
2.62572,0.966918,0
2.55057,0.956654,0
2.56057,0.958098,0
2.57057,0.959518,0
2.58057,0.960914,0
2.59057,0.962287,0
2.60057,0.963635,0
2.61057,0.964959,0
2.62057,0.966259,0
2.63057,0.967535,0
2.64057,0.968786,0
2.56543,0.958791,0
2.57543,0.960199,0
2.58543,0.961584,0
2.59543,0.962945,0
2.60543,0.964281,0
2.61543,0.965593,0
2.62543,0.966882,0
2.63543,0.968146,0
2.64543,0.969385,0
2.65543,0.970601,0
2.58029,0.960875,0
2.59029,0.962248,0
2.60029,0.963597,0
2.61029,0.964922,0
2.62029,0.966222,0
2.63029,0.967499,0
2.64029,0.968751,0
2.65029,0.969979,0
2.66029,0.971183,0
2.67029,0.972362,0
2.59515,0.962906,0
2.60515,0.964244,0
2.61515,0.965557,0
2.62515,0.966845,0
2.63515,0.96811,0
2.64515,0.969351,0
2.65515,0.970567,0
2.66515,0.971759,0
2.67515,0.972927,0
2.68515,0.97407,0
2.61001,0.964885,0
2.62001,0.966186,0
2.63001,0.967463,0
2.64001,0.968716,0
2.65001,0.969945,0
2.66001,0.971149,0
2.67001,0.972329,0
2.68001,0.973485,0
2.69001,0.974617,0
2.70001,0.975724,0
2.62487,0.966809,0
2.63487,0.968075,0
2.64487,0.969316,0
2.65487,0.970533,0
2.66487,0.971726,0
2.67487,0.972894,0
2.68487,0.974038,0
2.69487,0.975158,0
2.70487,0.976253,0
2.71487,0.977324,0
2.63973,0.968681,0
2.64973,0.96991,0
2.65973,0.971116,0
2.66973,0.972297,0
2.67973,0.973453,0
2.68973,0.974585,0
2.69973,0.975693,0
2.70973,0.976777,0
2.71973,0.977836,0
2.72973,0.978871,0
2.65459,0.970499,0
2.66459,0.971693,0
2.67459,0.972862,0
2.68459,0.974006,0
2.69459,0.975127,0
2.70459,0.976223,0
2.71459,0.977295,0
2.72459,0.978342,0
2.73459,0.979365,0
2.74459,0.980363,0
2.66945,0.972264,0
2.67945,0.973421,0
2.68945,0.974554,0
2.69945,0.975663,0
2.70945,0.976747,0
2.71945,0.977807,0
2.72945,0.978842,0
2.73945,0.979853,0
2.74945,0.980839,0
2.75945,0.981801,0
2.68431,0.973975,0
2.69431,0.975096,0
2.70431,0.976193,0
2.71431,0.977265,0
2.72431,0.978313,0
2.73431,0.979336,0
2.74431,0.980335,0
2.75431,0.98131,0
2.76431,0.98226,0
2.77431,0.983185,0
2.69917,0.975632,0
2.70917,0.976717,0
2.71917,0.977777,0
2.72917,0.978813,0
2.73917,0.979825,0
2.74917,0.980812,0
2.75917,0.981774,0
2.76917,0.982712,0
2.77917,0.983626,0
2.78917,0.984515,0
2.70907,0.976707,0
2.71907,0.977768,0
2.72907,0.978804,0
2.73907,0.979816,0
2.74907,0.980803,0
2.75907,0.981766,0
2.76907,0.982704,0
2.77907,0.983617,0
2.78907,0.984506,0
2.79907,0.985371,0
2.72394,0.978274,0
2.73394,0.979299,0
2.74394,0.980299,0
2.75394,0.981274,0
2.76394,0.982225,0
2.77394,0.983151,0
2.78394,0.984053,0
2.79394,0.98493,0
2.80394,0.985782,0
2.81394,0.98661,0
2.7388,0.979788,0
2.7488,0.980776,0
2.7588,0.981739,0
2.7688,0.982678,0
2.7788,0.983593,0
2.7888,0.984482,0
2.7988,0.985347,0
2.8088,0.986188,0
2.8188,0.987004,0
2.8288,0.987795,0
2.75366,0.981248,0
2.76366,0.982199,0
2.77366,0.983126,0
2.78366,0.984028,0
2.79366,0.984906,0
2.80366,0.985759,0
2.81366,0.986588,0
2.82366,0.987392,0
2.83366,0.988171,0
2.84366,0.988925,0
2.76852,0.982653,0
2.77852,0.983568,0
2.78852,0.984458,0
2.79852,0.985324,0
2.80852,0.986165,0
2.81852,0.986982,0
2.82852,0.987774,0
2.83852,0.988541,0
2.84852,0.989283,0
2.85852,0.990001,0
2.78339,0.984004,0
2.79339,0.984882,0
2.80339,0.985736,0
2.81339,0.986565,0
2.82339,0.98737,0
2.83339,0.98815,0
2.84339,0.988905,0
2.85339,0.989635,0
2.86339,0.990341,0
2.87339,0.991022,0
2.79825,0.985301,0
2.80825,0.986142,0
2.81825,0.98696,0
2.82825,0.987752,0
2.83825,0.98852,0
2.84825,0.989263,0
2.85825,0.989981,0
2.86825,0.990675,0
2.87825,0.991344,0
2.88825,0.991988,0
2.81311,0.986543,0
2.82311,0.987348,0
2.83311,0.988129,0
2.84311,0.988884,0
2.85311,0.989615,0
2.86311,0.990322,0
2.87311,0.991003,0
2.88311,0.99166,0
2.89311,0.992292,0
2.90311,0.992899,0
2.82798,0.987731,0
2.83798,0.988499,0
2.84798,0.989243,0
2.85798,0.989962,0
2.86798,0.990656,0
2.87798,0.991326,0
2.88798,0.991971,0
2.89798,0.992591,0
2.90798,0.993186,0
2.91798,0.993756,0
2.84284,0.988864,0
2.85284,0.989596,0
2.86284,0.990303,0
2.87284,0.990985,0
2.88284,0.991643,0
2.89284,0.992275,0
2.90284,0.992883,0
2.91284,0.993466,0
2.92284,0.994024,0
2.93284,0.994558,0
2.8577,0.989943,0
2.8677,0.990638,0
2.8777,0.991308,0
2.8877,0.991953,0
2.8977,0.992574,0
2.9077,0.99317,0
2.9177,0.993741,0
2.9277,0.994287,0
2.9377,0.994808,0
2.9477,0.995305,0
2.87257,0.990967,0
2.88257,0.991625,0
2.89257,0.992258,0
2.90257,0.992867,0
2.91257,0.993451,0
2.92257,0.99401,0
2.93257,0.994544,0
2.94257,0.995053,0
2.95257,0.995537,0
2.96257,0.995996,0
2.88743,0.991936,0
2.89743,0.992558,0
2.90743,0.993154,0
2.91743,0.993726,0
2.92743,0.994272,0
2.93743,0.994794,0
2.94743,0.995291,0
2.95743,0.995764,0
2.96743,0.996211,0
2.97743,0.996633,0
2.9023,0.992851,0
2.9123,0.993435,0
2.9223,0.993995,0
2.9323,0.99453,0
2.9423,0.995039,0
2.9523,0.995524,0
2.9623,0.995984,0
2.9723,0.99642,0
2.9823,0.99683,0
2.9923,0.997215,0
2.91716,0.993711,0
2.92716,0.994258,0
2.93716,0.994781,0
2.94716,0.995278,0
2.95716,0.995751,0
2.96716,0.996199,0
2.97716,0.996622,0
2.98716,0.99702,0
2.99716,0.997394,0
3.00716,0.997742,0
2.93203,0.994515,0
2.94203,0.995026,0
2.95203,0.995512,0
2.96203,0.995972,0
2.97203,0.996408,0
2.98203,0.996819,0
2.99203,0.997205,0
3.00203,0.997566,0
3.01203,0.997902,0
3.02203,0.998214,0
2.94194,0.995022,0
2.95194,0.995507,0
2.96194,0.995968,0
2.97194,0.996404,0
2.98194,0.996816,0
2.99194,0.997202,0
3.00194,0.997563,0
3.01194,0.9979,0
3.02194,0.998211,0
3.03194,0.998497,0
2.95681,0.995735,0
2.96681,0.996184,0
2.97681,0.996608,0
2.98681,0.997007,0
2.99681,0.997381,0
3.00681,0.99773,0
3.01681,0.998054,0
3.02681,0.998354,0
3.03681,0.998628,0
3.04681,0.998877,0
2.97168,0.996393,0
2.98168,0.996805,0
2.99168,0.997192,0
3.00168,0.997554,0
3.01168,0.997891,0
3.02168,0.998203,0
3.03168,0.99849,0
3.04168,0.998752,0
3.05168,0.99899,0
3.06168,0.999202,0
2.98654,0.996996,0
2.99654,0.997371,0
3.00654,0.997721,0
3.01654,0.998046,0
3.02654,0.998346,0
3.03654,0.998621,0
3.04654,0.998871,0
3.05654,0.999096,0
3.06654,0.999296,0
3.07654,0.999471,0
3.00141,0.997545,0
3.01141,0.997882,0
3.02141,0.998195,0
3.03141,0.998483,0
3.04141,0.998746,0
3.05141,0.998984,0
3.06141,0.999196,0
3.07141,0.999384,0
3.08141,0.999547,0
3.09141,0.999685,0
3.01628,0.998038,0
3.02628,0.998338,0
3.03628,0.998614,0
3.04628,0.998865,0
3.05628,0.99909,0
3.06628,0.999291,0
3.07628,0.999467,0
3.08628,0.999618,0
3.09628,0.999743,0
3.10628,0.999844,0
3.03115,0.998476,0
3.04115,0.998739,0
3.05115,0.998978,0
3.06115,0.999191,0
3.07115,0.99938,0
3.08115,0.999543,0
3.09115,0.999682,0
3.10115,0.999796,0
3.11115,0.999884,0
3.12115,0.999948,0
3.04602,0.998858,0
3.05602,0.999085,0
3.06602,0.999286,0
3.07602,0.999462,0
3.08602,0.999614,0
3.09602,0.99974,0
3.10602,0.999842,0
3.11602,0.999918,0
3.12602,0.99997,0
3.13602,0.999996,0
3.06088,0.999186,0
3.07088,0.999375,0
3.08088,0.999539,0
3.09088,0.999679,0
3.10088,0.999793,0
3.11088,0.999882,0
3.12088,0.999946,0
3.13088,0.999986,0
3.14088,1,0
3.15088,0.999989,0
3.07575,0.999458,0
3.08575,0.99961,0
3.09575,0.999737,0
3.10575,0.999839,0
3.11575,0.999917,0
3.12575,0.999969,0
3.13575,0.999996,0
3.14575,0.999998,0
3.15575,0.999975,0
3.16575,0.999927,0
3.09062,0.999675,0
3.10062,0.99979,0
3.11062,0.99988,0
3.12062,0.999945,0
3.13062,0.999985,0
3.14062,1,0
3.15062,0.99999,0
3.16062,0.999955,0
3.17062,0.999895,0
3.18062,0.99981,0
3.10549,0.999837,0
3.11549,0.999915,0
3.12549,0.999968,0
3.13549,0.999995,0
3.14549,0.999998,0
3.15549,0.999976,0
3.16549,0.999929,0
3.17549,0.999856,0
3.18549,0.999759,0
3.19549,0.999637,0
3.12036,0.999944,0
3.13036,0.999984,0
3.14036,1,0
3.15036,0.99999,0
3.16036,0.999956,0
3.17036,0.999897,0
3.18036,0.999812,0
3.19036,0.999703,0
3.20036,0.999568,0
3.21036,0.999409,0
3.13523,0.999995,0
3.14523,0.999998,0
3.15523,0.999977,0
3.16523,0.99993,0
3.17523,0.999859,0
3.18523,0.999762,0
3.19523,0.99964,0
3.20523,0.999494,0
3.21523,0.999322,0
3.22523,0.999126,0
3.15011,0.999991,0
3.16011,0.999957,0
3.17011,0.999898,0
3.18011,0.999815,0
3.19011,0.999706,0
3.20011,0.999572,0
3.21011,0.999413,0
3.22011,0.99923,0
3.23011,0.999021,0
3.24011,0.998787,0
3.16498,0.999932,0
3.17498,0.999861,0
3.18498,0.999765,0
3.19498,0.999644,0
3.20498,0.999498,0
3.21498,0.999327,0
3.22498,0.999131,0
3.23498,0.99891,0
3.24498,0.998664,0
3.25498,0.998393,0
3.17489,0.999861,0
3.18489,0.999766,0
3.19489,0.999645,0
3.20489,0.999499,0
3.21489,0.999328,0
3.22489,0.999133,0
3.23489,0.998912,0
3.24489,0.998666,0
3.25489,0.998396,0
3.26489,0.9981,0
3.18976,0.99971,0
3.19976,0.999577,0
3.20976,0.999419,0
3.21976,0.999236,0
3.22976,0.999028,0
3.23976,0.998796,0
3.24976,0.998538,0
3.25976,0.998255,0
3.26976,0.997947,0
3.27976,0.997615,0
3.20463,0.999503,0
3.21463,0.999333,0
3.22463,0.999138,0
3.23463,0.998918,0
3.24463,0.998673,0
3.25463,0.998403,0
3.26463,0.998108,0
3.27463,0.997788,0
3.28463,0.997443,0
3.29463,0.997074,0
3.21951,0.999241,0
3.22951,0.999034,0
3.23951,0.998802,0
3.24951,0.998545,0
3.25951,0.998263,0
3.26951,0.997955,0
3.27951,0.997623,0
3.28951,0.997266,0
3.29951,0.996884,0
3.30951,0.996478,0
3.23438,0.998924,0
3.24438,0.99868,0
3.25438,0.99841,0
3.26438,0.998116,0
3.27438,0.997797,0
3.28438,0.997453,0
3.29438,0.997083,0
3.30438,0.996689,0
3.31438,0.99627,0
3.32438,0.995827,0
3.24925,0.998552,0
3.25925,0.99827,0
3.26925,0.997964,0
3.27925,0.997632,0
3.28925,0.997276,0
3.29925,0.996895,0
3.30925,0.996488,0
3.31925,0.996057,0
3.32925,0.995601,0
3.33925,0.99512,0
3.26413,0.998124,0
3.27413,0.997805,0
3.28413,0.997462,0
3.29413,0.997093,0
3.30413,0.9967,0
3.31413,0.996281,0
3.32413,0.995838,0
3.33413,0.99537,0
3.34413,0.994877,0
3.35413,0.994359,0
3.279,0.997641,0
3.289,0.997285,0
3.299,0.996904,0
3.309,0.996499,0
3.319,0.996068,0
3.329,0.995613,0
3.339,0.995133,0
3.349,0.994628,0
3.359,0.994098,0
3.369,0.993543,0
3.29388,0.997103,0
3.30388,0.99671,0
3.31388,0.996292,0
3.32388,0.99585,0
3.33388,0.995382,0
3.34388,0.99489,0
3.35388,0.994372,0
3.36388,0.99383,0
3.37388,0.993263,0
3.38388,0.992671,0
3.30875,0.996509,0
3.31875,0.996079,0
3.32875,0.995625,0
3.33875,0.995145,0
3.34875,0.994641,0
3.35875,0.994111,0
3.36875,0.993557,0
3.37875,0.992978,0
3.38875,0.992374,0
3.39875,0.991745,0
3.32363,0.995861,0
3.33363,0.995394,0
3.34363,0.994902,0
3.35363,0.994386,0
3.36363,0.993844,0
3.37363,0.993278,0
3.38363,0.992686,0
3.39363,0.99207,0
3.40363,0.99143,0
3.41363,0.990764,0
3.3385,0.995157,0
3.3485,0.994653,0
3.3585,0.994125,0
3.3685,0.993571,0
3.3785,0.992993,0
3.3885,0.992389,0
3.3985,0.991761,0
3.4085,0.991108,0
3.4185,0.990431,0
3.4285,0.989728,0
3.35338,0.994399,0
3.36338,0.993858,0
3.37338,0.993292,0
3.38338,0.992701,0
3.39338,0.992086,0
3.40338,0.991446,0
3.41338,0.990781,0
3.42338,0.990091,0
3.43338,0.989377,0
3.44338,0.988637,0
3.36825,0.993585,0
3.37825,0.993007,0
3.38825,0.992404,0
3.39825,0.991777,0
3.40825,0.991125,0
3.41825,0.990448,0
3.42825,0.989746,0
3.43825,0.989019,0
3.44825,0.988268,0
3.45825,0.987492,0
3.38313,0.992716,0
3.39313,0.992102,0
3.40313,0.991462,0
3.41313,0.990798,0
3.42313,0.990108,0
3.43313,0.989395,0
3.44313,0.988656,0
3.45313,0.987893,0
3.46313,0.987105,0
3.47313,0.986292,0
3.39801,0.991793,0
3.40801,0.991141,0
3.41801,0.990465,0
3.42801,0.989763,0
3.43801,0.989037,0
3.44801,0.988287,0
3.45801,0.987511,0
3.46801,0.986711,0
3.47801,0.985887,0
3.48801,0.985037,0
3.40792,0.991147,0
3.41792,0.99047,0
3.42792,0.989769,0
3.43792,0.989043,0
3.44792,0.988293,0
3.45792,0.987518,0
3.46792,0.986718,0
3.47792,0.985893,0
3.48792,0.985044,0
3.49792,0.98417,0
3.4228,0.990131,0
3.4328,0.989418,0
3.4428,0.988681,0
3.4528,0.987918,0
3.4628,0.987131,0
3.4728,0.986319,0
3.4828,0.985482,0
3.4928,0.984621,0
3.5028,0.983735,0
3.5128,0.982825,0
3.43768,0.989062,0
3.44768,0.988312,0
3.45768,0.987537,0
3.46768,0.986738,0
3.47768,0.985914,0
3.48768,0.985065,0
3.49768,0.984192,0
3.50768,0.983294,0
3.51768,0.982372,0
3.52768,0.981425,0
3.45255,0.987937,0
3.46255,0.987151,0
3.47255,0.986339,0
3.48255,0.985503,0
3.49255,0.984643,0
3.50255,0.983757,0
3.51255,0.982848,0
3.52255,0.981913,0
3.53255,0.980954,0
3.54255,0.979971,0
3.46743,0.986758,0
3.47743,0.985935,0
3.48743,0.985087,0
3.49743,0.984214,0
3.50743,0.983317,0
3.51743,0.982395,0
3.52743,0.981449,0
3.53743,0.980478,0
3.54743,0.979482,0
3.55743,0.978462,0
3.48231,0.985524,0
3.49231,0.984664,0
3.50231,0.983779,0
3.51231,0.98287,0
3.52231,0.981936,0
3.53231,0.980978,0
3.54231,0.979995,0
3.55231,0.978988,0
3.56231,0.977956,0
3.57231,0.9769,0
3.49719,0.984235,0
3.50719,0.983339,0
3.51719,0.982418,0
3.52719,0.981472,0
3.53719,0.980502,0
3.54719,0.979507,0
3.55719,0.978487,0
3.56719,0.977444,0
3.57719,0.976376,0
3.58719,0.975283,0
3.51207,0.982892,0
3.52207,0.981959,0
3.53207,0.981001,0
3.54207,0.980019,0
3.55207,0.979012,0
3.56207,0.977981,0
3.57207,0.976926,0
3.58207,0.975845,0
3.59207,0.974741,0
3.60207,0.973612,0
3.52695,0.981495,0
3.53695,0.980525,0
3.54695,0.979531,0
3.55695,0.978512,0
3.56695,0.977469,0
3.57695,0.976402,0
3.58695,0.975309,0
3.59695,0.974193,0
3.60695,0.973052,0
3.61695,0.971887,0
3.54183,0.980043,0
3.55183,0.979037,0
3.56183,0.978006,0
3.57183,0.976951,0
3.58183,0.975872,0
3.59183,0.974768,0
3.60183,0.973639,0
3.61183,0.972487,0
3.62183,0.97131,0
3.63183,0.970109,0
3.55671,0.978537,0
3.56671,0.977494,0
3.57671,0.976427,0
3.58671,0.975336,0
3.59671,0.97422,0
3.60671,0.97308,0
3.61671,0.971915,0
3.62671,0.970727,0
3.63671,0.969514,0
3.64671,0.968276,0
3.57159,0.976977,0
3.58159,0.975898,0
3.59159,0.974794,0
3.60159,0.973667,0
3.61159,0.972515,0
3.62159,0.971338,0
3.63159,0.970138,0
3.64159,0.968913,0
3.65159,0.967664,0
3.66159,0.96639,0
3.58647,0.975362,0
3.59647,0.974247,0
3.60647,0.973107,0
3.61647,0.971943,0
3.62647,0.970755,0
3.63647,0.969543,0
3.64647,0.968306,0
3.65647,0.967045,0
3.66647,0.96576,0
3.67647,0.964451,0
3.60135,0.973694,0
3.61135,0.972542,0
3.62135,0.971366,0
3.63135,0.970166,0
3.64135,0.968942,0
3.65135,0.967694,0
3.66135,0.966421,0
3.67135,0.965124,0
3.68135,0.963803,0
3.69135,0.962458,0
3.61623,0.971971,0
3.62623,0.970784,0
3.63623,0.969572,0
3.64623,0.968336,0
3.65623,0.967075,0
3.66623,0.965791,0
3.67623,0.964482,0
3.68623,0.963149,0
3.69623,0.961792,0
3.70623,0.960411,0
3.63112,0.970195,0
3.64112,0.968971,0
3.65112,0.967723,0
3.66112,0.966451,0
3.67112,0.965155,0
3.68112,0.963834,0
3.69112,0.96249,0
3.70112,0.961121,0
3.71112,0.959729,0
3.72112,0.958312,0
3.646,0.968365,0
3.656,0.967105,0
3.666,0.965821,0
3.676,0.964513,0
3.686,0.963181,0
3.696,0.961825,0
3.706,0.960444,0
3.716,0.95904,0
3.726,0.957612,0
3.736,0.956159,0
3.65592,0.967115,0
3.66592,0.965831,0
3.67592,0.964524,0
3.68592,0.963191,0
3.69592,0.961835,0
3.70592,0.960455,0
3.71592,0.959051,0
3.72592,0.957623,0
3.73592,0.956171,0
3.74592,0.954695,0
3.6708,0.965196,0
3.6808,0.963876,0
3.6908,0.962532,0
3.7008,0.961165,0
3.7108,0.959773,0
3.7208,0.958357,0
3.7308,0.956917,0
3.7408,0.955453,0
3.7508,0.953966,0
3.7608,0.952454,0
3.68568,0.963223,0
3.69568,0.961868,0
3.70568,0.960488,0
3.71568,0.959085,0
3.72568,0.957657,0
3.73568,0.956206,0
3.74568,0.95473,0
3.75568,0.953231,0
3.76568,0.951708,0
3.77568,0.950161,0
3.70056,0.961197,0
3.71056,0.959806,0
3.72056,0.958391,0
3.73056,0.956952,0
3.74056,0.955488,0
3.75056,0.954001,0
3.76056,0.95249,0
3.77056,0.950956,0
3.78056,0.949397,0
3.79056,0.947815,0
3.71545,0.959118,0
3.72545,0.957691,0
3.73545,0.95624,0
3.74545,0.954765,0
3.75545,0.953266,0
3.76545,0.951744,0
3.77545,0.950197,0
3.78545,0.948627,0
3.79545,0.947033,0
3.80545,0.945416,0
3.73033,0.956985,0
3.74033,0.955523,0
3.75033,0.954036,0
3.76033,0.952526,0
3.77033,0.950992,0
3.78033,0.949434,0
3.79033,0.947852,0
3.80033,0.946246,0
3.81033,0.944617,0
3.82033,0.942965,0
3.74522,0.9548,0
3.75522,0.953301,0
3.76522,0.951779,0
3.77522,0.950234,0
3.78522,0.948664,0
3.79522,0.947071,0
3.80522,0.945454,0
3.81522,0.943813,0
3.82522,0.942149,0
3.83522,0.940461,0
3.7601,0.952561,0
3.7701,0.951027,0
3.7801,0.94947,0
3.7901,0.947889,0
3.8001,0.946284,0
3.8101,0.944655,0
3.8201,0.943003,0
3.8301,0.941328,0
3.8401,0.939628,0
3.8501,0.937906,0
3.77498,0.95027,0
3.78498,0.9487,0
3.79498,0.947108,0
3.80498,0.945491,0
3.81498,0.943851,0
3.82498,0.942188,0
3.83498,0.9405,0
3.84498,0.93879,0
3.85498,0.937056,0
3.86498,0.935298,0
3.78987,0.947925,0
3.79987,0.946321,0
3.80987,0.944693,0
3.81987,0.943042,0
3.82987,0.941366,0
3.83987,0.939668,0
3.84987,0.937946,0
3.85987,0.9362,0
3.86987,0.934431,0
3.87987,0.932638,0
3.80476,0.945529,0
3.81476,0.943889,0
3.82476,0.942226,0
3.83476,0.940539,0
3.84476,0.938829,0
3.85476,0.937096,0
3.86476,0.935339,0
3.87476,0.933558,0
3.88476,0.931754,0
3.89476,0.929927,0
3.81964,0.94308,0
3.82964,0.941405,0
3.83964,0.939707,0
3.84964,0.937985,0
3.85964,0.93624,0
3.86964,0.934472,0
3.87964,0.93268,0
3.88964,0.930865,0
3.89964,0.929026,0
3.90964,0.927165,0
3.83453,0.940578,0
3.84453,0.938869,0
3.85453,0.937136,0
3.86453,0.935379,0
3.87453,0.933599,0
3.88453,0.931796,0
3.89453,0.929969,0
3.90453,0.92812,0
3.91453,0.926247,0
3.92453,0.92435,0
3.84941,0.938025,0
3.85941,0.93628,0
3.86941,0.934512,0
3.87941,0.932721,0
3.88941,0.930906,0
3.89941,0.929068,0
3.90941,0.927207,0
3.91941,0.925323,0
3.92941,0.923415,0
3.93941,0.921485,0
3.8643,0.935419,0
3.8743,0.93364,0
3.8843,0.931837,0
3.8943,0.930011,0
3.9043,0.928162,0
3.9143,0.926289,0
3.9243,0.924394,0
3.9343,0.922475,0
3.9443,0.920533,0
3.9543,0.918568,0
3.87919,0.932762,0
3.88919,0.930948,0
3.89919,0.92911,0
3.90919,0.92725,0
3.91919,0.925366,0
3.92919,0.923459,0
3.93919,0.921529,0
3.94919,0.919576,0
3.95919,0.9176,0
3.96919,0.915601,0
3.88911,0.930962,0
3.89911,0.929124,0
3.90911,0.927264,0
3.91911,0.92538,0
3.92911,0.923474,0
3.93911,0.921544,0
3.94911,0.919591,0
3.95911,0.917615,0
3.96911,0.915616,0
3.97911,0.913594,0
3.904,0.928218,0
3.914,0.926347,0
3.924,0.924452,0
3.934,0.922534,0
3.944,0.920592,0
3.954,0.918628,0
3.964,0.916641,0
3.974,0.914631,0
3.984,0.912598,0
3.994,0.910543,0
3.91888,0.925424,0
3.92888,0.923518,0
3.93888,0.921588,0
3.94888,0.919636,0
3.95888,0.917661,0
3.96888,0.915662,0
3.97888,0.913641,0
3.98888,0.911597,0
3.99888,0.90953,0
4.00888,0.907441,0
3.93376,0.922578,0
3.94376,0.920638,0
3.95376,0.918674,0
3.96376,0.916688,0
3.97376,0.914678,0
3.98376,0.912646,0
3.99376,0.910591,0
4.00376,0.908513,0
4.01376,0.906412,0
4.02376,0.904289,0
3.94865,0.919681,0
3.95865,0.917706,0
3.96865,0.915708,0
3.97865,0.913688,0
3.98865,0.911644,0
3.99865,0.909578,0
4.00865,0.907489,0
4.01865,0.905377,0
4.02865,0.903243,0
4.03865,0.901086,0
3.96354,0.916732,0
3.97354,0.914724,0
3.98354,0.912692,0
3.99354,0.910637,0
4.00354,0.90856,0
4.01354,0.90646,0
4.02354,0.904337,0
4.03354,0.902191,0
4.04354,0.900023,0
4.05354,0.897833,0
3.97843,0.913733,0
3.98843,0.91169,0
3.99843,0.909624,0
4.00843,0.907536,0
4.01843,0.905425,0
4.02843,0.903291,0
4.03843,0.901134,0
4.04843,0.898956,0
4.05843,0.896754,0
4.06843,0.89453,0
3.99332,0.910683,0
4.00332,0.908606,0
4.01332,0.906507,0
4.02332,0.904385,0
4.03332,0.90224,0
4.04332,0.900072,0
4.05332,0.897882,0
4.06332,0.89567,0
4.07332,0.893435,0
4.08332,0.891178,0
4.0082,0.907583,0
4.0182,0.905472,0
4.0282,0.903339,0
4.0382,0.901183,0
4.0482,0.899004,0
4.0582,0.896804,0
4.0682,0.89458,0
4.0782,0.892334,0
4.0882,0.890066,0
4.0982,0.887776,0
4.02309,0.904432,0
4.03309,0.902288,0
4.04309,0.900121,0
4.05309,0.897931,0
4.06309,0.895719,0
4.07309,0.893485,0
4.08309,0.891229,0
4.09309,0.88895,0
4.10309,0.886648,0
4.11309,0.884325,0
4.03798,0.901231,0
4.04798,0.899053,0
4.05798,0.896853,0
4.06798,0.89463,0
4.07798,0.892385,0
4.08798,0.890117,0
4.09798,0.887827,0
4.10798,0.885515,0
4.11798,0.883181,0
4.12798,0.880825,0
4.05287,0.89798,0
4.06287,0.895769,0
4.07287,0.893535,0
4.08287,0.891279,0
4.09287,0.889001,0
4.10287,0.8867,0
4.11287,0.884377,0
4.12287,0.882032,0
4.13287,0.879665,0
4.14287,0.877276,0
4.06776,0.89468,0
4.07776,0.892435,0
4.08776,0.890168,0
4.09776,0.887878,0
4.10776,0.885567,0
4.11776,0.883233,0
4.12776,0.880878,0
4.13776,0.8785,0
4.14776,0.8761,0
4.15776,0.873679,0
4.08265,0.891329,0
4.09265,0.889051,0
4.10265,0.886751,0
4.11265,0.884429,0
4.12265,0.882084,0
4.13265,0.879718,0
4.14265,0.877329,0
4.15265,0.874919,0
4.16265,0.872487,0
4.17265,0.870033,0
4.09754,0.887929,0
4.10754,0.885618,0
4.11754,0.883285,0
4.12754,0.88093,0
4.13754,0.878553,0
4.14754,0.876154,0
4.15754,0.873732,0
4.16754,0.87129,0
4.17754,0.868825,0
4.18754,0.866338,0
4.11243,0.88448,0
4.12243,0.882136,0
4.13243,0.87977,0
4.14243,0.877382,0
4.15243,0.874973,0
4.16243,0.872541,0
4.17243,0.870087,0
4.18243,0.867612,0
4.19243,0.865115,0
4.20243,0.862596,0
4.12235,0.882154,0
4.13235,0.879788,0
4.14235,0.8774,0
4.15235,0.87499,0
4.16235,0.872559,0
4.17235,0.870105,0
4.18235,0.86763,0
4.19235,0.865133,0
4.20235,0.862615,0
4.21235,0.860075,0
4.13724,0.878623,0
4.14724,0.876225,0
4.15724,0.873804,0
4.16724,0.871362,0
4.17724,0.868898,0
4.18724,0.866412,0
4.19724,0.863905,0
4.20724,0.861376,0
4.21724,0.858825,0
4.22724,0.856253,0
4.15213,0.875045,0
4.16213,0.872614,0
4.17213,0.870161,0
4.18213,0.867686,0
4.19213,0.86519,0
4.20213,0.862672,0
4.21213,0.860132,0
4.22213,0.857571,0
4.23213,0.854988,0
4.24213,0.852384,0
4.16702,0.871418,0
4.17702,0.868954,0
4.18702,0.866469,0
4.19702,0.863962,0
4.20702,0.861433,0
4.21702,0.858883,0
4.22702,0.856312,0
4.23702,0.853719,0
4.24702,0.851104,0
4.25702,0.848469,0
4.18191,0.867742,0
4.19191,0.865246,0
4.20191,0.862728,0
4.21191,0.860189,0
4.22191,0.857628,0
4.23191,0.855046,0
4.24191,0.852443,0
4.25191,0.849818,0
4.26191,0.847172,0
4.27191,0.844505,0
4.1968,0.864017,0
4.2068,0.861489,0
4.2168,0.858939,0
4.2268,0.856368,0
4.2368,0.853776,0
4.2468,0.851162,0
4.2568,0.848527,0
4.2668,0.84587,0
4.2768,0.843193,0
4.2868,0.840494,0
4.21169,0.860245,0
4.22169,0.857685,0
4.23169,0.855103,0
4.24169,0.8525,0
4.25169,0.849876,0
4.26169,0.84723,0
4.27169,0.844564,0
4.28169,0.841876,0
4.29169,0.839167,0
4.30169,0.836437,0
4.22658,0.856425,0
4.23658,0.853833,0
4.24658,0.851219,0
4.25658,0.848585,0
4.26658,0.845929,0
4.27658,0.843252,0
4.28658,0.840554,0
4.29658,0.837834,0
4.30658,0.835094,0
4.31658,0.832333,0
4.24147,0.852557,0
4.25147,0.849933,0
4.26147,0.847288,0
4.27147,0.844622,0
4.28147,0.841935,0
4.29147,0.839226,0
4.30147,0.836497,0
4.31147,0.833747,0
4.32147,0.830975,0
4.33147,0.828184,0
4.25636,0.848642,0
4.26636,0.845987,0
4.27636,0.84331,0
4.28636,0.840613,0
4.29636,0.837894,0
4.30636,0.835154,0
4.31636,0.832394,0
4.32636,0.829613,0
4.33636,0.82681,0
4.34636,0.823988,0
4.27125,0.84468,0
4.28125,0.841994,0
4.29125,0.839286,0
4.30125,0.836557,0
4.31125,0.833807,0
4.32125,0.831036,0
4.33125,0.828245,0
4.34125,0.825432,0
4.35125,0.8226,0
4.36125,0.819746,0
4.28614,0.840672,0
4.29614,0.837953,0
4.30614,0.835214,0
4.31614,0.832454,0
4.32614,0.829673,0
4.33614,0.826872,0
4.34614,0.824049,0
4.35614,0.821207,0
4.36614,0.818343,0
4.37614,0.815459,0
4.30103,0.836616,0
4.31103,0.833867,0
4.32103,0.831097,0
4.33103,0.828306,0
4.34103,0.825494,0
4.35103,0.822661,0
4.36103,0.819809,0
4.37103,0.816935,0
4.38103,0.814041,0
4.39103,0.811127,0
4.31592,0.832514,0
4.32592,0.829734,0
4.33592,0.826933,0
4.34592,0.824111,0
4.35592,0.821269,0
4.36592,0.818406,0
4.37592,0.815522,0
4.38592,0.812618,0
4.39592,0.809694,0
4.40592,0.80675,0
4.33081,0.828366,0
4.34081,0.825555,0
4.35081,0.822723,0
4.36081,0.819871,0
4.37081,0.816998,0
4.38081,0.814104,0
4.39081,0.811191,0
4.40081,0.808257,0
4.41081,0.805302,0
4.42081,0.802328,0
4.34571,0.824173,0
4.35571,0.821331,0
4.36571,0.818468,0
4.37571,0.815585,0
4.38571,0.812682,0
4.39571,0.809758,0
4.40571,0.806814,0
4.41571,0.80385,0
4.42571,0.800866,0
4.43571,0.797862,0
4.35563,0.821351,0
4.36563,0.818489,0
4.37563,0.815606,0
4.38563,0.812703,0
4.39563,0.809779,0
4.40563,0.806835,0
4.41563,0.803871,0
4.42563,0.800887,0
4.43563,0.797883,0
4.44563,0.794859,0
4.37052,0.817082,0
4.38052,0.814189,0
4.39052,0.811276,0
4.40052,0.808342,0
4.41052,0.805388,0
4.42052,0.802415,0
4.43052,0.799421,0
4.44052,0.796407,0
4.45052,0.793373,0
4.46052,0.79032,0
4.38541,0.812767,0
4.39541,0.809844,0
4.40541,0.806901,0
4.41541,0.803938,0
4.42541,0.800954,0
4.43541,0.79795,0
4.44541,0.794927,0
4.45541,0.791883,0
4.46541,0.78882,0
4.47541,0.785737,0
4.4003,0.808408,0
4.4103,0.805455,0
4.4203,0.802482,0
4.4303,0.799488,0
4.4403,0.796475,0
4.4503,0.793442,0
4.4603,0.790389,0
4.4703,0.787316,0
4.4803,0.784223,0
4.4903,0.781111,0
4.41519,0.804004,0
4.42519,0.801021,0
4.43519,0.798018,0
4.44519,0.794995,0
4.45519,0.791952,0
4.46519,0.788889,0
4.47519,0.785807,0
4.48519,0.782704,0
4.49519,0.779583,0
4.50519,0.776441,0
4.43008,0.799555,0
4.44008,0.796542,0
4.45008,0.793509,0
4.46008,0.790456,0
4.47008,0.787384,0
4.48008,0.784291,0
4.49008,0.78118,0
4.50008,0.778048,0
4.51008,0.774898,0
4.52008,0.771728,0
4.44497,0.795061,0
4.45497,0.792018,0
4.46497,0.788956,0
4.47497,0.785873,0
4.48497,0.782772,0
4.49497,0.77965,0
4.50497,0.77651,0
4.51497,0.773349,0
4.52497,0.77017,0
4.53497,0.766971,0
4.45986,0.790522,0
4.46986,0.78745,0
4.47986,0.784359,0
4.48986,0.781247,0
4.49986,0.778116,0
4.50986,0.774966,0
4.51986,0.771796,0
4.52986,0.768607,0
4.53986,0.765399,0
4.54986,0.762172,0
4.47475,0.78594,0
4.48475,0.782839,0
4.49475,0.779718,0
4.50475,0.776578,0
4.51475,0.773418,0
4.52475,0.770239,0
4.53475,0.76704,0
4.54475,0.763823,0
4.55475,0.760586,0
4.56475,0.75733,0
4.48965,0.781315,0
4.49965,0.778184,0
4.50965,0.775034,0
4.51965,0.771865,0
4.52965,0.768676,0
4.53965,0.765469,0
4.54965,0.762242,0
4.55965,0.758996,0
4.56965,0.755731,0
4.57965,0.752447,0
4.50454,0.776646,0
4.51454,0.773486,0
4.52454,0.770308,0
4.53454,0.76711,0
4.54454,0.763892,0
4.55454,0.760656,0
4.56454,0.757401,0
4.57454,0.754127,0
4.58454,0.750834,0
4.59454,0.747522,0
4.51943,0.771934,0
4.52943,0.768746,0
4.53943,0.765538,0
4.54943,0.762312,0
4.55943,0.759066,0
4.56943,0.755802,0
4.57943,0.752518,0
4.58943,0.749216,0
4.59943,0.745895,0
4.60943,0.742555,0
4.53432,0.767179,0
4.54432,0.763962,0
4.55432,0.760726,0
4.56432,0.757471,0
4.57432,0.754198,0
4.58432,0.750905,0
4.59432,0.747594,0
4.60432,0.744263,0
4.61432,0.740915,0
4.62432,0.737547,0
4.54921,0.762382,0
4.55921,0.759136,0
4.56921,0.755872,0
4.57921,0.752589,0
4.58921,0.749287,0
4.59921,0.745967,0
4.60921,0.742628,0
4.61921,0.73927,0
4.62921,0.735893,0
4.63921,0.732499,0
4.56411,0.757542,0
4.57411,0.754268,0
4.58411,0.750976,0
4.59411,0.747665,0
4.60411,0.744336,0
4.61411,0.740987,0
4.62411,0.73762,0
4.63411,0.734235,0
4.64411,0.730831,0
4.65411,0.72741,0
4.579,0.75266,0
4.589,0.749359,0
4.599,0.746039,0
4.609,0.7427,0
4.619,0.739342,0
4.629,0.735967,0
4.639,0.732572,0
4.649,0.72916,0
4.659,0.725729,0
4.669,0.72228,0
4.58893,0.749383,0
4.59893,0.746063,0
4.60893,0.742724,0
4.61893,0.739367,0
4.62893,0.735991,0
4.63893,0.732597,0
4.64893,0.729184,0
4.65893,0.725754,0
4.66893,0.722305,0
4.67893,0.718838,0
4.60382,0.744432,0
4.61382,0.741084,0
4.62382,0.737718,0
4.63382,0.734333,0
4.64382,0.73093,0
4.65382,0.727509,0
4.66382,0.724069,0
4.67382,0.720612,0
4.68382,0.717136,0
4.69382,0.713642,0
4.61871,0.739441,0
4.62871,0.736066,0
4.63871,0.732672,0
4.64871,0.72926,0
4.65871,0.72583,0
4.66871,0.722381,0
4.67871,0.718915,0
4.68871,0.71543,0
4.69871,0.711928,0
4.70871,0.708408,0
4.63359,0.734409,0
4.64359,0.731007,0
4.65359,0.727586,0
4.66359,0.724147,0
4.67359,0.720689,0
4.68359,0.717214,0
4.69359,0.713721,0
4.70359,0.71021,0
4.71359,0.706681,0
4.72359,0.703134,0
4.64849,0.729335,0
4.65849,0.725906,0
4.66849,0.722458,0
4.67849,0.718991,0
4.68849,0.715507,0
4.69849,0.712005,0
4.70849,0.708486,0
4.71849,0.704948,0
4.72849,0.701393,0
4.73849,0.697821,0
4.66338,0.724221,0
4.67338,0.720764,0
4.68338,0.717289,0
4.69338,0.713797,0
4.70338,0.710286,0
4.71338,0.706757,0
4.72338,0.703211,0
4.73338,0.699648,0
4.74338,0.696066,0
4.75338,0.692468,0
4.67827,0.719067,0
4.68827,0.715583,0
4.69827,0.712081,0
4.70827,0.708562,0
4.71827,0.705025,0
4.72827,0.70147,0
4.73827,0.697898,0
4.74827,0.694308,0
4.75827,0.690701,0
4.76827,0.687077,0
4.69316,0.713872,0
4.70316,0.710362,0
4.71316,0.706834,0
4.72316,0.703288,0
4.73316,0.699725,0
4.74316,0.696144,0
4.75316,0.692546,0
4.76316,0.68893,0
4.77316,0.685298,0
4.78316,0.681648,0
4.70805,0.708638,0
4.71805,0.705102,0
4.72805,0.701547,0
4.73805,0.697975,0
4.74805,0.694386,0
4.75805,0.690779,0
4.76805,0.687155,0
4.77805,0.683514,0
4.78805,0.679856,0
4.79805,0.676181,0
4.72294,0.703365,0
4.73294,0.699802,0
4.74294,0.696222,0
4.75294,0.692624,0
4.76294,0.689009,0
4.77294,0.685376,0
4.78294,0.681727,0
4.79294,0.67806,0
4.80294,0.674377,0
4.81294,0.670677,0
4.73784,0.698053,0
4.74784,0.694464,0
4.75784,0.690858,0
4.76784,0.687234,0
4.77784,0.683593,0
4.78784,0.679935,0
4.79784,0.676261,0
4.80784,0.672569,0
4.81784,0.66886,0
4.82784,0.665135,0
4.75273,0.692702,0
4.76273,0.689087,0
4.77273,0.685455,0
4.78273,0.681806,0
4.79273,0.67814,0
4.80273,0.674457,0
4.81273,0.670757,0
4.82273,0.66704,0
4.83273,0.663307,0
4.84273,0.659557,0
4.76762,0.687313,0
4.77762,0.683672,0
4.78762,0.680015,0
4.79762,0.67634,0
4.80762,0.672649,0
4.81762,0.668941,0
4.82762,0.665216,0
4.83762,0.661474,0
4.84762,0.657716,0
4.85762,0.653942,0
4.78251,0.681885,0
4.79251,0.67822,0
4.80251,0.674537,0
4.81251,0.670837,0
4.82251,0.667121,0
4.83251,0.663388,0
4.84251,0.659638,0
4.85251,0.655872,0
4.86251,0.652089,0
4.87251,0.648291,0
4.7974,0.67642,0
4.8074,0.672729,0
4.8174,0.669022,0
4.8274,0.665297,0
4.8374,0.661556,0
4.8474,0.657798,0
4.8574,0.654024,0
4.8674,0.650233,0
4.8774,0.646427,0
4.8874,0.642604,0
4.81229,0.670918,0
4.82229,0.667202,0
4.83229,0.663469,0
4.84229,0.65972,0
4.85229,0.655954,0
4.86229,0.652172,0
4.87229,0.648373,0
4.88229,0.644559,0
4.89229,0.640728,0
4.90229,0.636881,0
4.82222,0.667229,0
4.83222,0.663496,0
4.84222,0.659747,0
4.85222,0.655981,0
4.86222,0.652199,0
4.87222,0.648401,0
4.88222,0.644586,0
4.89222,0.640756,0
4.90222,0.636909,0
4.91222,0.633046,0
4.83711,0.661665,0
4.84711,0.657908,0
4.85711,0.654134,0
4.86711,0.650344,0
4.87711,0.646538,0
4.88711,0.642715,0
4.89711,0.638877,0
4.90711,0.635022,0
4.91711,0.631152,0
4.92711,0.627266,0
4.852,0.656065,0
4.862,0.652284,0
4.872,0.648486,0
4.882,0.644672,0
4.892,0.640841,0
4.902,0.636995,0
4.912,0.633133,0
4.922,0.629254,0
4.932,0.625361,0
4.942,0.621451,0
4.86689,0.65043,0
4.87689,0.646624,0
4.88689,0.642802,0
4.89689,0.638963,0
4.90689,0.635109,0
4.91689,0.631239,0
4.92689,0.627353,0
4.93689,0.623452,0
4.94689,0.619535,0
4.95689,0.615602,0
4.88178,0.644756,0
4.89178,0.640926,0
4.90178,0.63708,0
4.91178,0.633219,0
4.92178,0.629341,0
4.93178,0.625447,0
4.94178,0.621538,0
4.95178,0.617613,0
4.96178,0.613673,0
4.97178,0.609718,0
4.89667,0.639047,0
4.90667,0.635194,0
4.91667,0.631324,0
4.92667,0.627438,0
4.93667,0.623537,0
4.94667,0.619621,0
4.95667,0.615688,0
4.96667,0.611741,0
4.97667,0.607778,0
4.98667,0.6038,0
4.91156,0.633303,0
4.92156,0.629426,0
4.93156,0.625533,0
4.94156,0.621624,0
4.95156,0.617699,0
4.96156,0.61376,0
4.97156,0.609804,0
4.98156,0.605834,0
4.99156,0.601849,0
