vehicle_x,vehicle_y,vehicle_z
5.87269e-05,-6.76906e-07,0.00853452
0.00352544,-1.1351e-06,0.00855347
0.0173915,-8.79783e-06,0.008559
0.0403517,2.89267e-05,0.00855923
0.0657404,0.00092337,0.00855873
0.0910767,0.00288228,0.00855821
0.116321,0.00586546,0.00855773
0.141439,0.00982158,0.0085573
0.166402,0.0146963,0.00855694
0.191189,0.0204331,0.0085566
0.207606,0.0247068,0.00855639
0.232069,0.0317441,0.00855611
0.256325,0.0394831,0.00855589
0.280372,0.0478649,0.00847231
0.304204,0.0568271,0.00846726
0.327825,0.0663124,0.00848184
0.35125,0.0762671,0.00855783
0.374499,0.0866404,0.00855857
0.39759,0.0973808,0.00855806
0.420538,0.108439,0.00855758
0.443359,0.11977,0.00855715
0.466074,0.13133,0.00855676
0.488699,0.143078,0.00855636
0.511254,0.154978,0.00855251
0.533761,0.166981,0.00846828
0.556263,0.17898,0.00846722
0.571259,0.186978,0.00849238
0.593734,0.198997,0.00855818
0.616209,0.211031,0.00855819
0.638694,0.223058,0.00855755
0.661201,0.235057,0.00855705
0.683741,0.247008,0.00855662
0.706318,0.258895,0.0084973
0.728932,0.270697,0.00847962
0.751589,0.282403,0.00852544
0.7743,0.294004,0.00855821
0.797073,0.305495,0.00855772
0.819911,0.316867,0.00855721
0.842814,0.328116,0.00852347
0.865778,0.339235,0.00849578
0.888801,0.350219,0.00850699
0.904183,0.357468,0.00852991
0.927308,0.36823,0.00855799
0.950499,0.378862,0.00855397
0.973751,0.389365,0.0085249
0.997043,0.399757,0.00850747
1.02035,0.410128,0.00851728
1.04372,0.420352,0.00853753
1.06715,0.430435,0.00854859
1.09064,0.440381,0.00853581
1.11419,0.450197,0.00852037
1.13779,0.459889,0.00851828
1.16143,0.469465,0.00852439
1.18511,0.478933,0.00853673
1.20884,0.488301,0.00853927
1.2326,0.49758,0.00852974
1.24846,0.503719,0.00852322
1.27227,0.512863,0.00851981
1.2961,0.521937,0.00853295
1.31996,0.53095,0.00853339
1.34384,0.539909,0.00853429
1.36774,0.548823,0.00853007
1.39165,0.557698,0.00852723
1.41557,0.56654,0.00852497
1.4395,0.575356,0.00852977
1.46343,0.584152,0.00853604
1.48737,0.592936,0.0085286
1.51131,0.601715,0.00853193
1.53527,0.610465,0.00852525
1.55923,0.619189,0.00853384
1.5832,0.627892,0.00852764
1.60718,0.636578,0.0085371
1.62316,0.642362,0.00853453
1.64715,0.651029,0.00852745
1.67113,0.65969,0.00853184
1.69512,0.668348,0.00853173
1.7191,0.677005,0.00853175
1.74309,0.685664,0.00853293
1.76707,0.694329,0.00853621
1.79105,0.703,0.00853224
1.81503,0.711681,0.00852635
1.839,0.720371,0.00852874
1.86297,0.729074,0.00853453
1.88693,0.737789,0.00852868
1.91089,0.746518,0.00853029
1.93484,0.755262,0.00853014
1.95879,0.76402,0.00852901
1.98273,0.772792,0.00853469
1.99869,0.77864,0.00853051
2.02264,0.7874,0.00852681
2.0466,0.796145,0.00852969
2.07056,0.804876,0.00853052
2.09452,0.813592,0.00853228
2.11849,0.822296,0.00853562
2.14247,0.830987,0.0085338
2.16645,0.839666,0.00853228
2.19043,0.848334,0.00853051
2.21441,0.856992,0.00852767
2.2384,0.86564,0.0085285
2.2624,0.874281,0.00853052
2.28639,0.882913,0.00853228
2.31039,0.891539,0.00853563
2.33439,0.900158,0.0085338
2.35839,0.908772,0.00852954
2.37439,0.914512,0.00853012
2.3984,0.923119,0.00852583
2.4224,0.931723,0.00852954
2.44641,0.940323,0.00852737
2.47041,0.948922,0.0085346
2.49442,0.957519,0.00852868
2.51843,0.96611,0.0085338
2.54246,0.974659,0.00852914
2.5665,0.983167,0.00853308
2.59056,0.991634,0.00852762
2.61463,1.00006,0.00852878
2.63871,1.00846,0.00853019
2.6628,1.01682,0.00853172
2.68691,1.02514,0.00853339
2.70298,1.03068,0.00853556
2.7271,1.03896,0.00852906
2.75123,1.04721,0.00853308
2.77537,1.05544,0.00853368
2.79952,1.06365,0.00853174
2.82367,1.07183,0.00853019
2.84782,1.08001,0.00852753
2.87199,1.08816,0.00852955
2.89615,1.09631,0.00852968
2.92032,1.10444,0.00853423
2.94449,1.11257,0.00852869
2.96866,1.12068,0.00853126
2.99284,1.1288,0.00853176
3.01702,1.1369,0.00853019
3.04122,1.14496,0.00852904
3.06543,1.15296,0.00852955
3.08159,1.15827,0.00853019
3.10583,1.16619,0.00853426
3.13008,1.17407,0.00853226
3.15435,1.18191,0.00853052
3.17863,1.18971,0.00853228
3.20292,1.19748,0.00853339
3.22722,1.20522,0.00853388
3.25153,1.21292,0.00852954
3.27585,1.2206,0.00853268
3.30018,1.22826,0.00852894
3.32451,1.2359,0.0085347
3.34884,1.24352,0.00853376
3.37318,1.25113,0.00853492
3.39752,1.25873,0.00853471
3.42187,1.26632,0.00852889
3.4381,1.27137,0.00853228
3.46245,1.27895,0.00853043
3.4868,1.28652,0.00853469
3.51116,1.29408,0.00852869
3.53553,1.30159,0.0085303
3.55992,1.30904,0.00853116
3.58433,1.31644,0.00853309
3.60875,1.32379,0.00852906
3.63319,1.33109,0.00853454
3.65763,1.33835,0.00853022
3.68209,1.34557,0.00853173
3.70656,1.35275,0.00853263
3.73104,1.3599,0.00853403
3.75553,1.36702,0.00853229
3.78003,1.37412,0.00853052
3.80453,1.38119,0.00853427
3.82087,1.38589,0.00853112
3.84538,1.39292,0.00853019
3.86989,1.39995,0.0085277
3.89441,1.40695,0.00852965
3.91893,1.41395,0.00853387
3.94346,1.42094,0.00852677
3.96798,1.42793,0.0085287
3.99251,1.43491,0.00853453
4.01704,1.44189,0.00853533
4.04159,1.44879,0.00853019
4.06616,1.45564,0.00852769
4.09075,1.46242,0.00852969
4.11535,1.46915,0.00853387
4.13996,1.47582,0.00853115
4.16459,1.48244,0.00852873
4.18102,1.48683,0.00853387
4.20567,1.49338,0.00853115
4.23033,1.49988,0.00852873
4.255,1.50635,0.00853453
4.27967,1.51279,0.00852601
4.30435,1.51921,0.00853324
4.32904,1.52559,0.00852907
4.35374,1.53196,0.00852684
4.37844,1.53831,0.00852668
4.40314,1.54464,0.00853173
4.42784,1.55096,0.00853013
4.45255,1.55727,0.00853127
4.47726,1.56358,0.00852955
4.50197,1.56988,0.00853024
4.52671,1.5761,0.00853461
4.55146,1.58226,0.00852869
4.56797,1.58632,0.00853353
4.59274,1.59237,0.00853427
4.61754,1.59836,0.0085347
4.64234,1.60429,0.00852889
4.66716,1.61016,0.00853228
4.69199,1.61599,0.00852881
4.71683,1.62178,0.00853453
4.74167,1.62753,0.00853203
4.76653,1.63324,0.00853025
4.79139,1.63892,0.00853173
4.81626,1.64457,0.00853455
4.84113,1.6502,0.00853388
4.86601,1.65581,0.00852585
4.89089,1.6614,0.00852693
4.91577,1.66698,0.00853453
4.93236,1.67069,0.00853225
4.95725,1.67625,0.00852688
4.98213,1.68181,0.00853453
5.00703,1.68735,0.0085285
5.03194,1.69282,0.00853032
5.05687,1.69821,0.00853173
5.08181,1.70353,0.00852637
5.10677,1.70878,0.0085339
5.13175,1.71396,0.00852954
5.15673,1.71908,0.00853325
5.18173,1.72415,0.00853453
5.20673,1.72916,0.00852624
5.23175,1.73413,0.00852739
5.25677,1.73906,0.00853173
5.2818,1.74395,0.00852687
5.30683,1.74881,0.00853394
5.32353,1.75203,0.00853173
5.34857,1.75684,0.00852898
5.37362,1.76164,0.00853394
5.39867,1.76641,0.00852955
5.42372,1.77117,0.00853325
5.44878,1.77591,0.00853453
5.47383,1.78065,0.00852869
5.49889,1.78538,0.00852667
5.52396,1.7901,0.00852908
5.54904,1.79473,0.00853308
5.57414,1.79928,0.00852753
5.59925,1.80374,0.00853112
5.62437,1.80813,0.00853019
5.64951,1.81244,0.00853172
5.67466,1.81668,0.00853454
5.69143,1.81948,0.00853325
5.7166,1.82362,0.00852907
5.74177,1.82772,0.00852634
5.76695,1.83176,0.00852661
5.79214,1.83577,0.00853173
5.81733,1.83973,0.00853019
5.84253,1.84367,0.00852753
5.86773,1.84758,0.00853235
5.89293,1.85146,0.00853052
5.91814,1.85533,0.00853492
5.94335,1.85918,0.00853471
5.96856,1.86301,0.00853116
5.99377,1.86685,0.00852678
6.01899,1.87066,0.00853309
6.04422,1.87439,0.00853479
6.06105,1.87682,0.00853116
6.0863,1.88039,0.00853309
6.11157,1.88388,0.00853422
6.13685,1.88729,0.00853227
6.16213,1.89063,0.00853052
6.18743,1.8939,0.00853518
6.21273,1.89711,0.00853455
6.23804,1.90027,0.00853388
6.26335,1.90337,0.00852955
6.28867,1.90644,0.00853269
6.31399,1.90946,0.00852894
6.33932,1.91245,0.0085347
6.36465,1.91541,0.00852974
6.38998,1.91835,0.00853424
6.41531,1.92127,0.00852869
6.44065,1.92418,0.00853453
6.45754,1.92611,0.0085277
6.48287,1.929,0.00853197
6.50821,1.93188,0.00853388
6.53357,1.93466,0.00852955
6.55893,1.93734,0.00852738
6.58431,1.93994,0.00852904
6.60969,1.94246,0.0085347
6.63508,1.94489,0.00853377
6.66047,1.94726,0.00852914
6.68587,1.94956,0.00853308
6.71128,1.9518,0.00853127
6.73669,1.95398,0.0085323
6.7621,1.95612,0.00853052
6.78752,1.95821,0.00853492
6.80447,1.95958,0.00853525
6.82989,1.96161,0.0085302
6.85531,1.96362,0.00852754
6.88074,1.9656,0.00852851
6.90616,1.96755,0.00853053
6.93159,1.9695,0.00853229
6.95702,1.97143,0.008529
6.98245,1.97335,0.00853395
7.00788,1.97526,0.00852955
7.03332,1.97707,0.00852738
7.05877,1.97878,0.00853461
7.08423,1.98041,0.00852869
7.10969,1.98194,0.00853126
7.13515,1.9834,0.00852678
7.16062,1.98478,0.00853309
7.18609,1.9861,0.00852906
7.20307,1.98694,0.00853229
7.22855,1.98815,0.00852882
7.25402,1.98931,0.00853453
7.2795,1.99043,0.00853204
7.30498,1.9915,0.00853557
7.33046,1.99254,0.00852907
7.35595,1.99355,0.00853308
7.38143,1.99453,0.00853381
7.40691,1.99549,0.00853174
7.4324,1.99643,0.00853019
7.45788,1.99736,0.00852754
7.48336,1.99828,0.00852955
7.50885,1.99919,0.00853067
7.53435,1.99999,0.00852912
7.55984,2.0007,0.00853308
7.57684,2.00112,0.00852667
7.60234,2.00167,0.00852908
7.62784,2.00215,0.00853308
7.65335,2.00254,0.00852586
7.67885,2.00286,0.00853188
7.70435,2.00311,0.0085302
7.72986,2.00331,0.00852674
7.75536,2.00345,0.00852971
7.78086,2.00354,0.00853053
7.80637,2.00359,0.00853229
7.83187,2.00361,0.00852637
7.85737,2.00359,0.0085339
7.88287,2.00355,0.00852955
7.90837,2.00348,0.00852738
7.93388,2.0034,0.00852749
7.95088,2.00334,0.0085323
7.97638,2.00324,0.00853052
8.00188,2.00313,0.00853469
8.02739,2.00291,0.00853471
8.05289,2.0026,0.00852572
8.0784,2.00219,0.00852763
8.1039,2.0017,0.00853309
8.1294,2.00113,0.00852753
8.15489,2.00048,0.00853243
8.18039,1.99976,0.00853052
8.20588,1.99898,0.00852773
8.22287,1.99842,0.00853227
8.24836,1.99755,0.00853053
8.27385,1.99663,0.00853492
8.29933,1.99566,0.00853471
8.32482,1.99466,0.0085289
8.3503,1.99363,0.00853533
8.37578,1.99257,0.00852874
8.40126,1.99149,0.00853453
8.42673,1.9904,0.0085285
8.45221,1.98929,0.00853265
8.47769,1.98818,0.00852907
8.50317,1.98704,0.00853308
8.52864,1.98581,0.00853381
8.55412,1.98449,0.00853176
8.57958,1.98307,0.00853019
8.59656,1.98208,0.0085303
8.62202,1.98052,0.00853116
8.64747,1.97889,0.00853309
8.67292,1.97719,0.00852906
8.69836,1.97542,0.00853205
8.7238,1.9736,0.00853025
8.74924,1.97172,0.00853173
8.77467,1.9698,0.00852898
8.80009,1.96783,0.0085336
8.82552,1.96583,0.00853229
8.85094,1.9638,0.00853052
8.87636,1.96175,0.00853047
8.8933,1.96036,0.00853189
8.91872,1.95827,0.0085302
8.94413,1.95617,0.00853491
8.96954,1.95406,0.00852959
8.99496,1.95194,0.00853388
9.02037,1.9498,0.00852916
9.04578,1.94757,0.0085287
9.07118,1.94524,0.00853453
9.09657,1.94281,0.00852601
9.12195,1.94031,0.00853324
9.14733,1.93772,0.00852907
9.17269,1.93506,0.00853339
9.19805,1.93233,0.00853062
9.2234,1.92954,0.00853229
9.24875,1.92669,0.00852881
9.26564,1.92476,0.00853056
9.29098,1.92184,0.00853229
9.31631,1.91887,0.008529
9.34163,1.91587,0.00852891
9.36695,1.91284,0.00852844
9.39227,1.90979,0.00853557
9.41759,1.90672,0.00852907
9.4429,1.90363,0.00852634
9.46821,1.90053,0.00852661
9.49352,1.89742,0.00853173
9.51883,1.8943,0.00853019
9.54414,1.89108,0.00853426
9.56943,1.88777,0.00853244
9.59471,1.88437,0.00853052
9.61997,1.88089,0.00852683
9.63681,1.87852,0.00852872
9.66206,1.87492,0.00853052
9.6873,1.87125,0.00852769
9.71253,1.86752,0.00853485
9.73775,1.86374,0.0085289
9.76297,1.8599,0.00853116
9.78817,1.85603,0.00853309
9.81337,1.85211,0.00852907
9.83857,1.84817,0.00852851
9.86376,1.84419,0.00853022
9.88895,1.8402,0.00853173
9.91413,1.83618,0.00852693
9.93931,1.83216,0.00852971
9.96449,1.82812,0.00853229
9.98967,1.82408,0.00852729
10.0065,1.82138,0.00853381
10.0316,1.81726,0.00853176
10.0568,1.81306,0.00853019
10.0819,1.80877,0.00853172
10.1071,1.80441,0.00853205
10.1322,1.79997,0.00853033
10.1573,1.79547,0.00853173
10.1824,1.7909,0.00853551
10.2075,1.78628,0.00853381
10.2325,1.78161,0.00853229
10.2576,1.7769,0.00853052
10.2826,1.77214,0.00853469
10.3077,1.76736,0.0085347
10.3327,1.76254,0.00853367
10.3578,1.7577,0.00852919
10.3745,1.75446,0.0085347
10.3995,1.74958,0.00853116
10.4245,1.74469,0.00852916
10.4495,1.73979,0.0085287
10.4746,1.73489,0.00853453
10.4996,1.72998,0.00852879
10.5246,1.72505,0.00853312
10.5496,1.72005,0.00852907
10.5746,1.71496,0.00852883
10.5996,1.7098,0.00852974
10.6246,1.70456,0.00852912
10.6495,1.69926,0.00853308
10.6744,1.6939,0.00852906
10.6994,1.68848,0.00852601
10.7243,1.68301,0.00853317
10.7409,1.67934,0.0085289
10.7658,1.6738,0.0085347
10.7907,1.66822,0.00852739
10.8155,1.66261,0.00853461
10.8404,1.65698,0.00852869
10.8653,1.65132,0.00853381
10.8901,1.64563,0.00852914
10.915,1.63994,0.00853309
10.9398,1.63423,0.00852906
10.9647,1.62851,0.00852601
10.9895,1.62279,0.00853324
11.0144,1.61706,0.00852907
11.0392,1.61125,0.00853308
11.064,1.60537,0.00853127
11.0888,1.59942,0.00852677
11.1054,1.59541,0.00853471
11.1301,1.58936,0.00852889
11.1549,1.58325,0.00852599
11.1797,1.57708,0.00852693
11.2044,1.57087,0.0085289
11.2291,1.56462,0.0085347
11.2538,1.55833,0.00853367
11.2785,1.552,0.00853427
11.3032,1.54565,0.00852869
11.3279,1.53927,0.00852584
11.3526,1.53287,0.00853188
11.3773,1.52645,0.00853019
11.402,1.52002,0.00853047
11.4266,1.51357,0.00852955
11.4513,1.50712,0.00853387
11.4678,1.50282,0.00853047
11.4924,1.49636,0.00852956
11.5171,1.4899,0.00853387
11.5418,1.48336,0.00852916
11.5664,1.47676,0.00852869
11.591,1.4701,0.0085303
11.6156,1.46338,0.00853524
11.6402,1.45661,0.00853019
11.6648,1.44978,0.00853426
11.6893,1.44292,0.00852958
11.7139,1.43601,0.00853387
11.7384,1.42907,0.0085277
11.763,1.42209,0.00853485
11.7793,1.41742,0.00853053
11.8038,1.4104,0.00853228
11.8283,1.40335,0.00852637
11.8528,1.39629,0.0085339
11.8773,1.38921,0.00852955
11.9018,1.38211,0.00852738
11.9263,1.37501,0.00852904
11.9508,1.3679,0.0085347
11.9753,1.36079,0.00853376
11.9998,1.35367,0.00852776
12.0243,1.34655,0.00852869
12.0487,1.33936,0.00853453
12.0732,1.33211,0.0085285
12.0976,1.32481,0.00853325
12.122,1.31746,0.00853453
12.1383,1.31253,0.00852954
12.1627,1.3051,0.00852967
12.1871,1.29763,0.00853047
12.2115,1.29013,0.00852956
12.2358,1.28258,0.00853387
12.2602,1.27501,0.00852585
12.2845,1.26741,0.00852693
12.3089,1.25979,0.0085339
12.3332,1.25215,0.00852955
12.3575,1.24449,0.00852968
12.3818,1.23682,0.00853047
12.4062,1.22913,0.0085347
12.4305,1.22144,0.00852571
12.4467,1.21631,0.00853492
12.471,1.20861,0.00852965
12.4953,1.20091,0.00853387
12.5196,1.19319,0.00852868
12.5439,1.18543,0.00852881
12.5682,1.17762,0.0085289
12.5924,1.16976,0.00853469
12.6167,1.16185,0.00852738
12.6409,1.1539,0.00853456
12.6651,1.14592,0.00852869
12.6893,1.1379,0.0085338
12.7135,1.12985,0.00852914
12.7377,1.12178,0.00853308
12.7539,1.11638,0.00852889
12.778,1.10826,0.00853533
12.8022,1.10013,0.00852874
12.8264,1.09197,0.00853453
12.8505,1.0838,0.0085285
12.8747,1.07563,0.00853265
12.8988,1.06744,0.00852907
12.923,1.05924,0.00853308
12.9471,1.05104,0.00853368
12.9713,1.04284,0.00853173
12.9954,1.03464,0.00853019
13.0196,1.02643,0.00852904
13.0437,1.01817,0.00852955
13.0678,1.00987,0.00852967
13.0919,1.00154,0.00853423
13.108,0.995963,0.00852955
13.132,0.987568,0.00853387
13.1561,0.979141,0.00853492
13.1802,0.970685,0.00853471
13.2042,0.962203,0.00852889
13.2283,0.953696,0.00853228
13.2523,0.945168,0.00852879
13.2763,0.936622,0.00853453
13.3003,0.928058,0.0085345
13.3244,0.919481,0.00853027
13.3484,0.910892,0.00852907
13.3724,0.902294,0.00853308
13.3964,0.893687,0.00853368
13.4204,0.885075,0.00853174
13.4444,0.876459,0.00853019
13.4604,0.870714,0.0085303
13.4844,0.862095,0.00853116
13.5084,0.853469,0.00853308
13.5324,0.84481,0.00852763
13.5563,0.836118,0.00852596
13.5803,0.827394,0.00853052
13.6043,0.818642,0.00852768
13.6282,0.809862,0.00853485
13.6521,0.801058,0.00852889
13.6761,0.79223,0.00853228
13.7,0.783383,0.00853309
13.7239,0.774517,0.00852763
13.7478,0.765634,0.00852596
13.7717,0.756737,0.00853052
13.7956,0.747827,0.00853109
13.8115,0.741882,0.00852601
13.8354,0.732955,0.00853052
13.8593,0.724021,0.00852768
13.8832,0.715081,0.00853485
13.907,0.706136,0.00852889
13.9309,0.697188,0.00852877
13.9548,0.688237,0.00852687
13.9787,0.679286,0.00853453
14.0026,0.67033,0.00852868
14.0264,0.661348,0.00852667
14.0503,0.652342,0.00852907
14.0741,0.643312,0.00853308
14.098,0.63426,0.0085338
14.1218,0.625188,0.00853229
14.1456,0.616097,0.00852728
14.1615,0.610027,0.0085338
14.1853,0.600909,0.00853229
14.2091,0.591776,0.00852728
14.2329,0.58263,0.00852748
14.2567,0.573473,0.0085347
14.2805,0.564306,0.00852974
14.3043,0.55513,0.00852911
14.3281,0.545947,0.00853308
14.3519,0.536757,0.00853127
14.3757,0.527563,0.00853181
14.3995,0.518366,0.00853019
14.4233,0.509165,0.00852753
14.447,0.499963,0.0085285
14.4708,0.49076,0.00853024
14.4867,0.484625,0.00853453
14.5105,0.475419,0.00852868
14.5342,0.466194,0.00853367
14.558,0.456952,0.00853484
14.5818,0.447693,0.00852869
14.6055,0.438419,0.00853452
14.6293,0.429131,0.00852878
14.653,0.419829,0.00853311
14.6768,0.410516,0.00852906
14.7005,0.401192,0.0085285
14.7242,0.391857,0.00853052
14.7479,0.382515,0.00853228
14.7717,0.373165,0.00852636
14.7954,0.363808,0.00853389
14.8112,0.357567,0.00853172
14.8349,0.348201,0.0085355
14.8586,0.338832,0.0085338
14.8824,0.329459,0.00853229
14.9061,0.320084,0.00853051
14.9298,0.310708,0.00853426
14.9535,0.30133,0.00852958
14.9772,0.291952,0.00853387
15.0009,0.282574,0.00853531
15.0246,0.273195,0.00853332
15.0483,0.263804,0.00852889
15.0721,0.254403,0.00852843
15.0958,0.244993,0.00853264
15.1194,0.235574,0.00852906
15.1431,0.226147,0.00853203
15.1589,0.219858,0.00853323
15.1826,0.21042,0.00852906
15.2063,0.200975,0.00853338
15.23,0.191525,0.00852732
15.2537,0.18207,0.00853172
15.2774,0.172611,0.00853012
15.301,0.163148,0.00853127
15.3247,0.153683,0.00853229
15.3484,0.144215,0.00853051
15.3721,0.134746,0.00853491
15.3958,0.125276,0.00852965
15.4194,0.115804,0.00853387
15.4431,0.106332,0.00853531
15.4668,0.0968604,0.00853332
15.4905,0.0873888,0.00852889
15.5062,0.0810743,0.00853228
15.5299,0.0716005,0.00853267
15.5536,0.0621245,0.00853402
15.5773,0.0526465,0.00853229
15.6009,0.0431667,0.00853051
15.6246,0.0336855,0.00852767
15.6483,0.0242032,0.0085285
15.6719,0.01472,0.00853052
15.6956,0.00523612,0.00853228
15.7193,-0.00424825,0.00852899
15.743,-0.0137329,0.00853401
15.7666,-0.0232176,0.00852954
15.7903,-0.0327022,0.00852967
15.8061,-0.0390252,0.00852585
15.8298,-0.0485093,0.0085323
15.8534,-0.0579931,0.00853051
15.8771,-0.0674763,0.00853491
15.9008,-0.0769589,0.0085347
15.9244,-0.0864408,0.00853115
15.9481,-0.0959219,0.00852677
15.9718,-0.105402,0.00853308
15.9955,-0.114882,0.00853045
16.0191,-0.12436,0.00853234
16.0428,-0.133833,0.00853051
16.0665,-0.1433,0.00853426
16.0902,-0.152761,0.0085347
16.1138,-0.162217,0.00852889
16.1375,-0.171668,0.0085277
16.1533,-0.177965,0.00852968
16.177,-0.187408,0.00853387
16.2007,-0.196846,0.00852867
16.2244,-0.206279,0.0085288
16.2481,-0.215709,0.00852889
16.2718,-0.225135,0.00853469
16.2955,-0.234557,0.00853026
16.3192,-0.243976,0.00852906
16.3429,-0.253393,0.00853338
16.3665,-0.262807,0.00853061
16.3902,-0.272219,0.00853228
16.4139,-0.281629,0.00852899
16.4377,-0.291038,0.0085289
16.4535,-0.297309,0.00853228
16.4772,-0.306715,0.00852898
16.5009,-0.316119,0.0085289
16.5246,-0.32551,0.00853469
16.5483,-0.334888,0.00853564
16.572,-0.344254,0.00852906
16.5957,-0.353607,0.00852633
16.6194,-0.362949,0.00853066
16.6432,-0.372281,0.00853228
16.6669,-0.381602,0.00852899
16.6906,-0.390914,0.0085289
16.7065,-0.397118,0.00853228
16.7302,-0.406416,0.00853267
16.754,-0.415707,0.00853377
16.7777,-0.424991,0.00852954
16.8015,-0.43427,0.00853386
16.8252,-0.443543,0.00852772
16.849,-0.452811,0.00852968
16.8727,-0.462076,0.00853387
16.8965,-0.471337,0.00852953
16.9202,-0.480595,0.00852899
16.944,-0.489851,0.00852889
16.9678,-0.499106,0.00853469
16.9915,-0.508359,0.00853024
17.0074,-0.514527,0.00852893
17.0311,-0.523762,0.00853469
17.0549,-0.532975,0.00853026
17.0787,-0.542168,0.00852906
17.1025,-0.551341,0.00852882
17.1263,-0.560495,0.00852974
17.1501,-0.569632,0.00853172
17.1739,-0.578753,0.00853018
17.1977,-0.587859,0.00853425
17.2215,-0.596952,0.00853242
17.2454,-0.606032,0.00853051
17.2692,-0.6151,0.00852681
17.293,-0.624159,0.00853472
17.3089,-0.630193,0.00853051
17.3328,-0.639237,0.00852681
17.3566,-0.648275,0.00853471
17.3805,-0.657306,0.00852888
17.4043,-0.666332,0.00853115
17.4282,-0.675354,0.00853308
17.452,-0.684373,0.00853478
17.4759,-0.69339,0.00852871
17.4997,-0.702405,0.00853051
17.5236,-0.711415,0.00852682
17.5474,-0.720394,0.00853476
17.5713,-0.729343,0.00852889
17.5952,-0.738264,0.00853115
17.6111,-0.744196,0.00853476
17.635,-0.753074,0.00852889
17.6589,-0.761926,0.00853532
17.6829,-0.770757,0.00853308
17.7068,-0.779567,0.00853478
17.7307,-0.788359,0.00852871
17.7547,-0.797133,0.00853051
17.7786,-0.805893,0.00853109
17.8026,-0.814639,0.00853485
17.8265,-0.823373,0.00853387
17.8505,-0.832097,0.00852953
17.8744,-0.840812,0.00853267
17.8984,-0.84952,0.00852893
17.9144,-0.855322,0.00853228
17.9384,-0.864021,0.00852727
17.9623,-0.872717,0.00852903
17.9863,-0.88141,0.00852954
18.0103,-0.890096,0.00853386
18.0343,-0.898745,0.00852682
18.0583,-0.907357,0.00853472
18.0823,-0.915933,0.00852888
18.1063,-0.924477,0.00852877
18.1303,-0.932989,0.00852687
18.1544,-0.941473,0.00853452
18.1784,-0.94993,0.00853326
18.2025,-0.958362,0.00853024
18.2185,-0.963971,0.00852893
18.2426,-0.972367,0.00853469
18.2667,-0.980745,0.00853375
18.2908,-0.989105,0.00853491
18.3149,-0.997452,0.00852868
18.339,-1.00579,0.00852744
18.3631,-1.01411,0.00853111
18.3872,-1.02242,0.00853018
18.4113,-1.03073,0.00853046
18.4354,-1.03903,0.00852955
18.4595,-1.04733,0.00853386
18.4836,-1.05562,0.00852682
18.5078,-1.06391,0.00853476
18.5319,-1.07215,0.00852888
18.548,-1.07762,0.00853227
18.5721,-1.08579,0.00852636
18.5963,-1.09391,0.00853387
18.6205,-1.102,0.00852953
18.6447,-1.11006,0.00853267
18.6689,-1.11808,0.00853452
18.6931,-1.12607,0.00853326
18.7173,-1.13403,0.00852731
18.7415,-1.14197,0.00853171
18.7658,-1.14989,0.00852897
18.79,-1.15778,0.00853393
18.8143,-1.16566,0.00852953
18.8385,-1.17352,0.00853267
18.8628,-1.18137,0.00853452
18.879,-1.18659,0.00852953
18.9032,-1.19443,0.00853563
18.9275,-1.20225,0.00853453
18.9518,-1.21007,0.00853326
18.976,-1.21788,0.00852731
19.0003,-1.22569,0.00853171
19.0246,-1.2335,0.00852897
19.0489,-1.24124,0.00853401
19.0732,-1.24894,0.00852953
19.0975,-1.25658,0.00853563
19.1219,-1.26417,0.00853453
19.1462,-1.27172,0.00852623
19.1706,-1.27922,0.0085266
19.195,-1.28669,0.00853172
19.2112,-1.29164,0.00852868
19.2356,-1.29905,0.00852973
19.26,-1.30643,0.0085291
19.2844,-1.31378,0.00853307
19.3089,-1.32111,0.0085342
19.3333,-1.32842,0.00853532
19.3577,-1.33571,0.00853308
19.3822,-1.34298,0.00852905
19.4066,-1.35024,0.00852881
19.4311,-1.3575,0.00853421
19.4555,-1.36474,0.00852955
19.48,-1.37198,0.00853386
19.5044,-1.37921,0.00853114
19.5289,-1.38638,0.00852872
19.5452,-1.39112,0.00853386
19.5697,-1.39819,0.00853114
19.5942,-1.4052,0.00852869
19.6187,-1.41217,0.00853452
19.6433,-1.41908,0.00853228
19.6678,-1.42595,0.00853018
19.6924,-1.43278,0.00852752
19.717,-1.43957,0.00852849
19.7415,-1.44633,0.00853386
19.7661,-1.45306,0.0085353
19.7907,-1.45976,0.00852872
19.8154,-1.46644,0.00853451
19.84,-1.4731,0.00852877
19.8646,-1.47974,0.00853018
19.8892,-1.48637,0.00852752
19.9056,-1.49078,0.00852877
19.9303,-1.49739,0.00853018
19.9549,-1.504,0.00852672
19.9795,-1.51059,0.00853195
20.0041,-1.51718,0.00853386
20.0288,-1.5237,0.0085353
20.0535,-1.53015,0.00852879
20.0781,-1.53654,0.00853452
20.1028,-1.54287,0.008526
20.1275,-1.54915,0.0085302
20.1523,-1.55537,0.00852752
20.1688,-1.55949,0.00852598
20.1935,-1.56563,0.0085302
20.2183,-1.57173,0.00853171
20.243,-1.5778,0.00853453
20.2678,-1.58383,0.00853386
20.2926,-1.58983,0.00853223
20.3174,-1.59581,0.00852878
20.3422,-1.60176,0.00853451
20.367,-1.60769,0.00853202
20.3918,-1.61361,0.00853555
20.4166,-1.61951,0.00852905
20.4414,-1.6254,0.00853306
20.4662,-1.63129,0.00853367
20.491,-1.63717,0.00853172
20.5075,-1.64109,0.00852867
20.5324,-1.64691,0.00852582
20.5572,-1.65265,0.00852761
20.5821,-1.65831,0.00853307
20.6069,-1.66391,0.00852905
20.6318,-1.66944,0.008526
20.6567,-1.67491,0.0085302
20.6816,-1.68032,0.00853171
20.7066,-1.68568,0.00852691
20.7315,-1.691,0.00852969
20.7565,-1.69627,0.00853227
20.7814,-1.70151,0.00852649
20.8064,-1.70671,0.00852752
20.823,-1.71017,0.00853174
20.848,-1.71532,0.00853017
20.873,-1.72046,0.00853424
20.8979,-1.72558,0.00852957
20.9229,-1.73068,0.00853351
20.9479,-1.73577,0.00853482
20.9729,-1.74085,0.00852867
20.9979,-1.74593,0.00853028
21.0229,-1.75099,0.00853115
21.0479,-1.75597,0.00853307
21.0729,-1.76086,0.00852905
21.0979,-1.76567,0.00853453
21.123,-1.77041,0.00853032
21.148,-1.77507,0.00853171
21.1731,-1.77967,0.00852691
21.1898,-1.78271,0.00852731
21.2149,-1.78721,0.00853171
21.24,-1.79167,0.00853261
21.2652,-1.79608,0.00853401
21.2903,-1.80045,0.00853227
21.3154,-1.80478,0.0085305
21.3405,-1.80908,0.00853425
21.3657,-1.81336,0.00852957
21.3908,-1.81761,0.00853385
21.4076,-1.82044,0.00852672
21.4327,-1.82467,0.00852968
21.4579,-1.82888,0.00853051
21.483,-1.83309,0.00853227
21.5082,-1.83728,0.00852879
21.5333,-1.84139,0.00852888
21.5585,-1.8454,0.00852842
21.5837,-1.84933,0.00853323
21.6089,-1.85319,0.00852905
21.6341,-1.85697,0.00853453
21.6593,-1.86068,0.00853054
21.6846,-1.86433,0.00853227
21.7098,-1.86793,0.00852691
21.7266,-1.87029,0.0085306
21.7519,-1.87381,0.00853227
21.7772,-1.87728,0.00852691
21.8024,-1.88071,0.00852888
21.8277,-1.88411,0.00853187
21.853,-1.88748,0.00853554
21.8782,-1.89083,0.00852905
21.9035,-1.89416,0.00853337
21.9288,-1.89748,0.0085306
21.9541,-1.90078,0.00853227
21.9794,-1.90408,0.00852898
22.0047,-1.90736,0.00853401
22.03,-1.91055,0.00852953
22.0553,-1.91365,0.00853385
22.0806,-1.91666,0.0085294
22.0975,-1.91863,0.00852635
22.1228,-1.92151,0.00852888
22.1481,-1.92432,0.00853468
22.1735,-1.92706,0.00852737
22.1988,-1.92974,0.00853459
22.2242,-1.93237,0.00852867
22.2496,-1.93494,0.00852743
22.2749,-1.93747,0.00852769
22.3003,-1.93996,0.00853307
22.3257,-1.94242,0.00853477
22.3511,-1.94485,0.0085287
22.3764,-1.94725,0.0085305
22.4018,-1.94963,0.0085268
22.4272,-1.952,0.00853475
22.4526,-1.95435,0.00852888
22.4695,-1.95591,0.00852681
22.4949,-1.95824,0.00853471
22.5203,-1.96048,0.00852888
22.5457,-1.96262,0.00852876
22.5711,-1.96468,0.00852686
22.5966,-1.96665,0.00853451
22.622,-1.96854,0.00853325
22.6474,-1.97036,0.00853023
22.6728,-1.97211,0.00852905
22.6983,-1.9738,0.00853306
22.7237,-1.97544,0.00852751
22.7407,-1.9765,0.00852771
22.7661,-1.97806,0.00853471
22.7916,-1.97958,0.00852888
22.817,-1.98105,0.00853186
22.8425,-1.9825,0.00853266
22.868,-1.98392,0.00852892
22.8934,-1.98532,0.00853468
22.9189,-1.98671,0.00853113
22.9443,-1.98807,0.00852771
22.9698,-1.98943,0.00852867
22.9953,-1.99079,0.00852743
23.0207,-1.99212,0.00853111
23.0462,-1.99336,0.00853018
23.0632,-1.99412,0.00853451
23.0886,-1.9952,0.00852877
23.1141,-1.99618,0.0085331
23.1396,-1.99707,0.00852905
23.1651,-1.99789,0.00853453
23.1906,-1.99863,0.00853054
23.216,-1.99931,0.00853227
23.2415,-1.99992,0.00852877
23.267,-2.00048,0.00852888
23.2925,-2.001,0.00853187
23.318,-2.00147,0.00853267
23.3435,-2.0019,0.00852905
23.369,-2.0023,0.00853452
23.3945,-2.00268,0.00853054
23.4115,-2.00291,0.00852904
23.437,-2.00326,0.00853337
23.4625,-2.00358,0.00853054
23.488,-2.0039,0.00853227
23.5135,-2.00421,0.00852686
23.539,-2.0044,0.00853451
23.5645,-2.0045,0.00852877
23.59,-2.0045,0.00853018
23.6154,-2.00442,0.00853171
23.6409,-2.00424,0.00853453
23.6664,-2.00399,0.00853386
23.6919,-2.00368,0.00853223
23.7174,-2.00329,0.00852878
23.7429,-2.00285,0.00853451
23.7684,-2.00236,0.00852848
23.7939,-2.00182,0.00853023
23.8109,-2.00143,0.00853451
23.8364,-2.00083,0.00852848
23.8619,-2.0002,0.00853022
23.8874,-1.99954,0.0085317
23.9128,-1.99886,0.00853452
23.9383,-1.99817,0.00853386
23.9638,-1.99746,0.00852866
23.9893,-1.99674,0.00852685
24.0148,-1.99601,0.00853451
24.0403,-1.99518,0.00853325
24.0658,-1.99425,0.00853023
24.0912,-1.99323,0.00852905
24.1167,-1.99212,0.00853306
24.1422,-1.99093,0.00853125
24.1676,-1.98966,0.0085318
24.1846,-1.98877,0.00852867
24.2101,-1.98739,0.00853028
24.2355,-1.98596,0.00853114
24.261,-1.98447,0.00853307
24.2864,-1.98293,0.00852904
24.3119,-1.98135,0.00853452
24.3373,-1.97974,0.00853031
24.3628,-1.9781,0.00853171
24.3882,-1.97643,0.0085269
24.4136,-1.97474,0.00853392
24.4391,-1.97304,0.00852952
24.4645,-1.97133,0.00853263
24.49,-1.96961,0.00853451
24.5154,-1.96787,0.00852867
24.5408,-1.96603,0.00852666
24.5578,-1.96476,0.00853452
24.5832,-1.96276,0.00852623
24.6086,-1.96068,0.00852659
24.634,-1.95852,0.00853171
24.6594,-1.95629,0.00853261
24.6848,-1.95398,0.00853376
24.7102,-1.95161,0.00852953
24.7356,-1.94918,0.00853016
24.7609,-1.9467,0.00853452
24.7863,-1.94418,0.00852867
24.8117,-1.94161,0.00853066
24.837,-1.93901,0.00853171
24.8624,-1.93638,0.00853549
24.8878,-1.93373,0.00853118
24.9131,-1.93106,0.00852953
24.93,-1.92926,0.00853321
24.9554,-1.92657,0.00853118
24.9807,-1.92387,0.00852953
25.0061,-1.92115,0.0085273
25.0314,-1.91834,0.00852905
25.0568,-1.91543,0.0085333
25.0821,-1.91244,0.00853065
25.1074,-1.90937,0.00853227
25.1327,-1.90622,0.00852898
25.158,-1.903,0.00852889
25.1833,-1.89972,0.00853468
25.2085,-1.89638,0.00853025
25.2338,-1.89299,0.00852905
25.2591,-1.88954,0.00852682
25.2843,-1.88606,0.00852968
25.3012,-1.88372,0.00852905
25.3264,-1.88018,0.00852632
25.3517,-1.87661,0.00853065
25.3769,-1.87301,0.00853227
25.4021,-1.8694,0.00853561
25.4274,-1.86577,0.00853118
25.4526,-1.86213,0.00852953
25.4779,-1.85849,0.00853385
25.5031,-1.85483,0.00852771
25.5283,-1.85108,0.00853471
25.5535,-1.84725,0.00852888
25.5787,-1.84334,0.00852876
25.6039,-1.83935,0.00852686
25.629,-1.83529,0.00853452
25.6542,-1.83116,0.00853448
25.6794,-1.82697,0.00853031
25.6961,-1.82415,0.00853451
25.7213,-1.81987,0.00853194
25.7464,-1.81555,0.00853031
25.7715,-1.81118,0.00853171
25.7966,-1.80678,0.0085269
25.8217,-1.80235,0.00852968
25.8468,-1.79789,0.00853227
25.8719,-1.79341,0.00852648
25.897,-1.78891,0.00852751
25.9221,-1.78439,0.00852953
25.9472,-1.77987,0.00853385
25.9639,-1.77684,0.00853489
25.989,-1.77231,0.0085287
26.0141,-1.76776,0.00853051
26.0392,-1.76312,0.00853227
26.0643,-1.7584,0.00852898
26.0893,-1.75361,0.00852973
26.1143,-1.74874,0.00853227
26.1393,-1.74381,0.0085305
26.1643,-1.73881,0.00853425
26.1893,-1.73375,0.00852955
26.2143,-1.72865,0.00853386
26.2393,-1.72349,0.00852768
26.2642,-1.71829,0.00853483
26.2892,-1.71306,0.00852888
26.3141,-1.70779,0.00853468
26.3308,-1.70426,0.00852898
26.3557,-1.69895,0.00853358
26.3806,-1.69362,0.00853227
26.4056,-1.68827,0.0085305
26.4305,-1.68291,0.0085349
26.4554,-1.67753,0.00852963
26.4803,-1.67215,0.00853386
26.5053,-1.66676,0.00852769
26.5302,-1.66129,0.00853307
26.5551,-1.65575,0.008529
26.5799,-1.65014,0.00853233
26.6048,-1.64446,0.00853051
26.6296,-1.63872,0.00853425
26.6544,-1.63292,0.00853469
26.671,-1.62902,0.00853051
26.6958,-1.62314,0.00853468
26.7206,-1.61721,0.00853469
26.7454,-1.61125,0.0085257
26.7702,-1.60524,0.00852682
26.7949,-1.59921,0.00852868
26.8197,-1.59314,0.00853451
26.8445,-1.58706,0.00853201
26.8692,-1.58096,0.00853267
26.894,-1.57484,0.00853452
26.9187,-1.5687,0.00852867
26.9435,-1.56256,0.00852582
26.9682,-1.55642,0.00852849
26.993,-1.55027,0.00853051
27.0177,-1.54411,0.00853227
27.0424,-1.53787,0.00853013
27.0589,-1.53368,0.00853367
27.0836,-1.52734,0.00852918
27.1083,-1.52094,0.00853307
27.1329,-1.51448,0.00852905
27.1576,-1.50796,0.00852885
27.1822,-1.5014,0.00853393
27.2069,-1.49479,0.00852953
27.2315,-1.48814,0.00853351
27.2561,-1.48145,0.00853425
27.2807,-1.47473,0.00853469
27.3053,-1.46798,0.00852888
27.3298,-1.46121,0.00853187
27.3544,-1.45442,0.00853307
27.379,-1.44761,0.00853044
27.4036,-1.44079,0.00853241
27.4199,-1.43624,0.00853307
27.4445,-1.4294,0.00853477
27.4691,-1.42255,0.00853228
27.4936,-1.4157,0.00853018
27.5182,-1.40885,0.00853171
27.5427,-1.40193,0.00852635
27.5672,-1.39495,0.00853066
27.5918,-1.38791,0.00853227
27.6162,-1.38081,0.00853013
27.6407,-1.37367,0.00853126
27.6652,-1.36648,0.00852954
27.6896,-1.35924,0.00853351
27.7141,-1.35197,0.00853483
27.7385,-1.34466,0.00852868
27.7629,-1.33733,0.00853401
27.7873,-1.32996,0.00853174
27.8036,-1.32504,0.00852868
27.828,-1.31764,0.00852582
27.8524,-1.31022,0.00852761
27.8768,-1.30278,0.00853307
27.9012,-1.29533,0.00852905
27.9256,-1.28788,0.00852849
27.9499,-1.28042,0.0085302
27.9743,-1.27295,0.00853171
27.9987,-1.26548,0.00853338
28.0231,-1.258,0.00853387
28.0474,-1.25047,0.00852953
28.0718,-1.24289,0.00852899
28.0961,-1.23525,0.00853452
28.1204,-1.22757,0.00853202
28.1447,-1.21984,0.00853031
28.169,-1.21207,0.00853171
28.1852,-1.20687,0.00853202
28.2094,-1.19905,0.00853031
28.2337,-1.19119,0.00853171
28.258,-1.1833,0.00852635
28.2822,-1.17539,0.00853387
28.3064,-1.16746,0.00852584
28.3307,-1.15951,0.0085289
28.3549,-1.15155,0.00853452
28.3791,-1.14357,0.00853326
28.4033,-1.13558,0.00853023
28.4275,-1.12758,0.00852906
28.4517,-1.11958,0.00853307
28.4759,-1.11158,0.00852584
28.5002,-1.10357,0.00853181
28.5244,-1.09556,0.00853018
28.5405,-1.09019,0.00853029
28.5647,-1.0821,0.00853115
28.5888,-1.07397,0.00853018
28.613,-1.0658,0.00853468
28.6371,-1.05758,0.00852957
28.6613,-1.04933,0.00853386
28.6854,-1.04105,0.00852682
28.7095,-1.03274,0.00853476
28.7336,-1.02441,0.00852888
28.7577,-1.01605,0.00852842
28.7817,-1.00767,0.00852899
28.8058,-0.999271,0.00853452
28.8299,-0.990857,0.00852623
28.854,-0.982431,0.00852737
28.878,-0.973994,0.00852906
28.9021,-0.965549,0.00853307
28.9181,-0.959915,0.00853114
28.9422,-0.951461,0.00852772
28.9662,-0.943004,0.00852868
28.9903,-0.934545,0.00853451
29.0143,-0.92608,0.00853532
29.0384,-0.917578,0.00853308
29.0624,-0.90904,0.00852905
29.0864,-0.900466,0.00852633
29.1104,-0.891861,0.00852738
29.1344,-0.883225,0.00852906
29.1584,-0.874562,0.00853307
29.1824,-0.865873,0.00852751
29.2063,-0.857162,0.00853111
29.2303,-0.84843,0.00853018
29.2542,-0.839681,0.00852673
29.2782,-0.830915,0.00852969
29.2941,-0.825063,0.0085331
29.3181,-0.816276,0.00852905
29.342,-0.807478,0.00853453
29.3659,-0.798672,0.00853052
29.3899,-0.789859,0.00853517
29.4138,-0.781041,0.00853331
29.4377,-0.772219,0.00852889
29.4616,-0.763395,0.00853187
29.4856,-0.75457,0.00853267
29.5095,-0.745741,0.00853452
29.5334,-0.736883,0.00852868
29.5573,-0.727997,0.00852973
29.5812,-0.719084,0.00852911
29.6051,-0.710146,0.00853307
29.6289,-0.701185,0.0085342
29.6528,-0.692202,0.00853532
29.6687,-0.686203,0.00853484
29.6926,-0.677189,0.00852889
29.7164,-0.668159,0.00853468
29.7402,-0.659114,0.00853017
29.7641,-0.650055,0.00852901
29.7879,-0.640986,0.00853469
29.8117,-0.631907,0.00852888
29.8356,-0.622819,0.00853468
29.8594,-0.613725,0.00853032
29.8832,-0.604625,0.00853172
29.907,-0.595522,0.00853018
29.9308,-0.586415,0.00852585
29.9547,-0.577306,0.00853187
29.9785,-0.568197,0.00853018
30.0023,-0.559085,0.00853171
30.0182,-0.552998,0.00853202
30.042,-0.543852,0.0085338
30.0658,-0.534685,0.00853228
30.0896,-0.5255,0.00853051
30.1133,-0.516298,0.00853491
30.1371,-0.50708,0.00852964
30.1609,-0.497848,0.00853387
30.1846,-0.488602,0.00853531
30.2084,-0.479344,0.00853331
30.2322,-0.470076,0.00852889
30.2559,-0.460798,0.00853469
30.2797,-0.451513,0.00853564
30.3034,-0.44222,0.00853453
30.3271,-0.432921,0.00852868
30.343,-0.426719,0.00852664
30.3667,-0.417412,0.00853037
30.3905,-0.408103,0.00853469
30.4142,-0.398791,0.00852888
30.4379,-0.389477,0.00852769
30.4617,-0.380162,0.0085287
30.4854,-0.370848,0.00853452
30.5091,-0.361531,0.00852878
30.5329,-0.352201,0.00853019
30.5566,-0.342859,0.00852673
30.5803,-0.333503,0.00852845
30.604,-0.324137,0.00853387
30.6277,-0.31476,0.00853531
30.6515,-0.305373,0.0085288
30.6752,-0.295978,0.00853452
30.6989,-0.286574,0.00853228
30.7147,-0.280301,0.00852873
30.7384,-0.270887,0.00853452
30.7621,-0.261467,0.008526
30.7858,-0.252042,0.00853323
30.8094,-0.242612,0.00852906
30.8331,-0.233179,0.00852683
30.8568,-0.223744,0.00853068
30.8805,-0.214306,0.00853172
30.9042,-0.204867,0.00853018
30.9279,-0.195427,0.00852585
30.9516,-0.185986,0.0085323
30.9753,-0.176545,0.00853051
30.999,-0.167104,0.00852682
31.0226,-0.157663,0.00852845
31.0463,-0.148216,0.00853387
31.0621,-0.141914,0.00853172
31.0858,-0.132458,0.00853485
31.1095,-0.122997,0.00853387
31.1332,-0.113532,0.00853523
31.1568,-0.104062,0.0085288
31.1805,-0.0945895,0.00853452
31.2042,-0.0851137,0.008526
31.2279,-0.0756353,0.0085302
31.2515,-0.0661546,0.00852753
31.2752,-0.0566721,0.00853195
31.2989,-0.0471881,0.00853387
31.3225,-0.0377029,0.00852867
31.3462,-0.0282169,0.00852881
31.3699,-0.0187303,0.00852889
31.3935,-0.00924333,0.00853469
31.4093,-0.00291865,0.00853014
31.433,0.00656824,0.00853127
31.4567,0.0160548,0.00852954
31.4803,0.0255411,0.00852664
31.504,0.035027,0.00853468
31.5277,0.0445108,0.00852868
31.5513,0.0539924,0.00853126
31.575,0.0634717,0.00852677
31.5987,0.0729485,0.00853308
31.6224,0.0824231,0.00852905
31.646,0.0918953,0.00852601
31.6697,0.101365,0.00853323
31.6934,0.110833,0.00852906
31.7171,0.120298,0.00853307
31.7408,0.129761,0.00852877
31.7565,0.136069,0.00853228
31.7802,0.145529,0.00853019
31.8039,0.154986,0.00853172
31.8276,0.164443,0.00853339
31.8513,0.173897,0.00853061
31.875,0.18335,0.00853228
31.8986,0.192801,0.00853563
31.9223,0.202251,0.00852893
31.946,0.2117,0.00853469
31.9697,0.221148,0.00853026
31.9934,0.230595,0.00852906
32.0171,0.240041,0.00852882
32.0408,0.249476,0.00853359
32.0644,0.258901,0.00853228
32.0881,0.268316,0.00852899
32.1119,0.277722,0.0085289
32.1277,0.283987,0.00853228
32.1514,0.293378,0.00853014
32.1751,0.302761,0.00852583
32.1988,0.312136,0.00852954
32.2225,0.321504,0.00853387
32.2462,0.330865,0.00852772
32.27,0.340221,0.0085347
32.2937,0.349571,0.00852889
32.3174,0.358916,0.00853532
32.3411,0.368258,0.00853309
32.3649,0.377595,0.00853421
32.3886,0.386929,0.00852871
32.4123,0.396261,0.00853052
32.4361,0.40559,0.00852768
32.4598,0.414917,0.00853484
32.4835,0.424243,0.00852889
32.4993,0.43046,0.00852682
32.5231,0.439772,0.00853476
32.5468,0.449066,0.00852889
32.5706,0.458342,0.00853532
32.5943,0.467602,0.00853309
32.6181,0.476846,0.00852762
32.6419,0.486076,0.00852596
32.6657,0.495292,0.00853052
32.6894,0.504495,0.00852768
32.7132,0.513687,0.00853484
32.737,0.522868,0.00852889
32.7608,0.53204,0.00853533
32.7846,0.541202,0.00853309
32.8084,0.550357,0.00852906
32.8322,0.559506,0.00852601
32.856,0.568648,0.00853052
32.8719,0.574741,0.00852763
32.8957,0.583875,0.00852596
32.9195,0.593006,0.00853052
32.9433,0.602135,0.00853109
32.9671,0.611261,0.00853451
32.9909,0.620385,0.00852889
33.0148,0.629506,0.00853533
33.0386,0.638601,0.00853309
33.0624,0.64767,0.00852906
33.0863,0.656715,0.0085285
33.1101,0.665736,0.00853024
33.134,0.674735,0.00853172
33.1578,0.683714,0.00853262
33.1817,0.692673,0.00853402
33.2056,0.701615,0.00853229
33.2215,0.707567,0.00853308
33.2454,0.716483,0.00853127
33.2693,0.725385,0.00853181
33.2932,0.734275,0.00853019
33.3171,0.743154,0.00852673
33.341,0.752024,0.00852601
33.3649,0.760886,0.00853052
33.3889,0.769742,0.00853518
33.4128,0.778591,0.00853332
33.4367,0.787436,0.00852889
33.4606,0.796278,0.00852871
33.4845,0.805118,0.00853316
33.5084,0.813952,0.00852906
33.5324,0.822753,0.0085285
33.5563,0.831521,0.00853052
33.5803,0.840257,0.00853518
33.5963,0.846064,0.0085285
33.6202,0.85475,0.00853052
33.6442,0.86341,0.00853228
33.6682,0.872044,0.00852636
33.6922,0.880655,0.00853389
33.7162,0.889244,0.00852954
33.7403,0.897814,0.00852665
33.7643,0.906367,0.00852753
33.7883,0.914904,0.00852955
33.8124,0.923428,0.00853387
33.8364,0.931939,0.00852867
33.8604,0.94044,0.00852637
33.8845,0.948933,0.00853388
33.9085,0.957419,0.00852954
33.9326,0.965899,0.00852665
33.9566,0.974375,0.00852753
33.9727,0.980024,0.00853229
33.9967,0.988492,0.00853052
34.0208,0.996919,0.00853469
34.0449,1.00531,0.0085347
34.069,1.01366,0.00853376
34.0931,1.02197,0.00852914
34.1172,1.03025,0.00853308
34.1413,1.03849,0.00853045
34.1655,1.04671,0.00853524
34.1896,1.0549,0.00853019
34.2138,1.06307,0.00853172
34.2379,1.07121,0.00853454
34.2621,1.07933,0.00853053
34.2863,1.08743,0.00853228
34.3105,1.09552,0.00852693
34.3347,1.1036,0.0085289
34.3508,1.10897,0.00853228
34.375,1.11703,0.00852693
34.3992,1.12507,0.0085289
34.4234,1.13311,0.00853189
34.4476,1.14115,0.00853268
34.4718,1.14918,0.00852906
34.496,1.15721,0.00853338
34.5202,1.16523,0.00853062
34.5444,1.1732,0.00853228
34.5687,1.18112,0.00852693
34.5929,1.18899,0.0085289
34.6172,1.19682,0.00853469
34.6415,1.2046,0.00853018
34.6658,1.21235,0.00853455
34.6901,1.22006,0.00852869
34.7063,1.22518,0.00853387
34.7306,1.23283,0.00852772
34.755,1.24046,0.00852969
34.7793,1.24806,0.00853388
34.8037,1.25563,0.00852954
34.828,1.26319,0.00853268
34.8524,1.27073,0.00853378
34.8768,1.27826,0.00852955
34.9011,1.28577,0.00853387
34.9255,1.29328,0.00852773
34.9499,1.30077,0.00853471
34.9742,1.30826,0.00852889
34.9986,1.31575,0.00853189
35.023,1.32323,0.00853308
35.0474,1.33065,0.00853479
35.0718,1.338,0.00852872
35.0881,1.34288,0.00853308
35.1126,1.35015,0.00853479
35.137,1.35736,0.00852596
35.1615,1.36453,0.00853052
35.186,1.37166,0.0085311
35.2105,1.37874,0.00853486
35.235,1.38579,0.00852889
35.2595,1.39281,0.00853533
35.284,1.3998,0.00853309
35.3086,1.40676,0.00852906
35.3331,1.4137,0.0085297
35.3577,1.42062,0.00853052
35.3822,1.42752,0.00852768
35.4068,1.43442,0.00853485
35.4313,1.4413,0.0085289
35.4559,1.44817,0.00853229
35.4722,1.45275,0.00853452
35.4968,1.45961,0.0085289
35.5214,1.4664,0.00853533
35.546,1.47313,0.00853309
35.5706,1.4798,0.00852906
35.5952,1.48642,0.00853454
35.6199,1.49298,0.00853023
35.6445,1.49949,0.00853173
35.6692,1.50596,0.00853263
35.6939,1.51238,0.00853403
35.7186,1.51877,0.00852955
35.7433,1.52512,0.00853556
35.768,1.53144,0.00853454
35.7927,1.53773,0.00852869
35.8174,1.54401,0.00853068
35.8339,1.54817,0.00853456
35.8586,1.55441,0.00853327
35.8834,1.56064,0.00852732
35.9081,1.56685,0.00853173
35.9328,1.57305,0.00853551
35.9576,1.57925,0.00853381
35.9823,1.58544,0.00853229
36.007,1.59162,0.00853052
36.0318,1.59773,0.00853469
36.0566,1.60376,0.0085347
36.0814,1.60973,0.00853116
36.1062,1.61564,0.00852677
36.131,1.62149,0.00853308
36.1559,1.62728,0.00853045
36.1807,1.63302,0.00853235
36.2056,1.63871,0.00853052
36.2221,1.64248,0.00853045
36.247,1.6481,0.00853243
36.2719,1.65369,0.00853052
36.2968,1.65924,0.00853492
36.3217,1.66477,0.00853471
36.3466,1.67027,0.00852889
36.3715,1.67575,0.00852771
36.3964,1.68122,0.00852871
36.4213,1.68667,0.00853453
36.4462,1.69211,0.00853203
36.4711,1.69754,0.00853269
36.4961,1.70296,0.00852907
36.521,1.70838,0.00852636
36.5459,1.71371,0.0085297
36.5709,1.71896,0.00853229
36.5959,1.72413,0.00853268
36.6125,1.72754,0.0085297
36.6375,1.73259,0.00853229
36.6625,1.73758,0.00853563
36.6876,1.74252,0.00852901
36.7126,1.74739,0.0085347
36.7376,1.75222,0.00852667
36.7627,1.757,0.00852908
36.7877,1.76174,0.00852883
36.8128,1.76645,0.00853403
36.8379,1.77112,0.00853229
36.8629,1.77577,0.00853015
36.888,1.7804,0.00852901
36.9131,1.78501,0.0085347
36.9382,1.7896,0.00852667
36.9633,1.79418,0.00852907
36.9884,1.79876,0.00852883
37.0051,1.80181,0.00852739
37.0302,1.80632,0.00852907
37.0553,1.81073,0.00853308
37.0805,1.81506,0.00852753
37.1056,1.81932,0.00853189
37.1308,1.8235,0.00853019
37.1559,1.82761,0.0085277
37.1811,1.83166,0.00852969
37.2063,1.83565,0.00853388
37.2315,1.83959,0.0085277
37.2567,1.84348,0.00852871
37.2819,1.84733,0.00853453
37.3071,1.85114,0.00853243
37.3239,1.85367,0.00852871
37.3492,1.85743,0.00853453
37.3744,1.86117,0.00853229
37.3996,1.86489,0.0085302
37.4249,1.86859,0.00853491
37.4501,1.87228,0.00852969
37.4753,1.87596,0.00853388
37.5006,1.87964,0.00853116
37.5258,1.88331,0.00852871
37.551,1.88687,0.00853453
37.5763,1.89035,0.00853229
37.6016,1.89374,0.0085302
37.6269,1.89704,0.00853172
37.6522,1.90027,0.00853339
37.6775,1.90343,0.00853056
37.6944,1.9055,0.00852907
37.7197,1.90855,0.00852883
37.745,1.91154,0.00852975
37.7704,1.91449,0.00853173
37.7957,1.91739,0.00853019
37.821,1.92026,0.00853426
37.8464,1.92309,0.00853244
37.8717,1.92589,0.00853053
37.8971,1.92867,0.00852683
37.9224,1.93143,0.00853473
37.9478,1.93417,0.0085289
37.9731,1.9369,0.00853189
37.9985,1.93963,0.00853309
38.0238,1.94234,0.00853479
38.0408,1.94409,0.00853525
38.0661,1.94664,0.00853309
38.0915,1.94909,0.00852906
38.1169,1.95145,0.00852851
38.1423,1.95373,0.00853025
38.1677,1.95593,0.00853173
38.1932,1.95807,0.00853551
38.2186,1.96014,0.00853381
38.244,1.96215,0.00853176
38.2694,1.96411,0.0085302
38.2949,1.96602,0.00853172
38.3203,1.96789,0.00853205
38.3457,1.96973,0.00853033
38.3712,1.97154,0.00853173
38.3966,1.97333,0.00853551
38.422,1.9751,0.00853381
38.439,1.97627,0.00852909
38.4644,1.97801,0.00853308
38.4899,1.97975,0.00853127
38.5153,1.98147,0.0085323
38.5408,1.98309,0.00853052
38.5663,1.98461,0.00853427
38.5917,1.98604,0.0085347
38.6172,1.98738,0.00853116
38.6427,1.98864,0.00852677
38.6681,1.98982,0.00853309
38.6936,1.99094,0.00853479
38.7191,1.99199,0.00853229
38.7446,1.99299,0.0085302
38.7701,1.99393,0.00853173
38.7956,1.99484,0.00853455
38.8211,1.9957,0.00853056
38.838,1.99626,0.00852907
38.8635,1.99707,0.00853308
38.889,1.99786,0.00853369
38.9145,1.99862,0.0085292
38.94,1.99937,0.00853309
38.9655,2.00011,0.00852906
38.991,2.00085,0.00852886
39.0165,2.00156,0.00853395
39.042,2.00218,0.00852955
39.0675,2.00269,0.00853387
39.093,2.00311,0.0085277
39.1185,2.00345,0.00853196
39.144,2.0037,0.00853388
39.1695,2.00387,0.00852955
39.195,2.00398,0.00853018
39.2205,2.00402,0.00852584
39.2375,2.00402,0.00853174
39.263,2.00397,0.00853019
39.2885,2.00387,0.00852674
39.314,2.00374,0.00852602
39.3395,2.00356,0.00853022
39.365,2.00336,0.00853173
39.3905,2.00313,0.00853263
39.416,2.00288,0.00853369
39.4415,2.00261,0.00853174
39.467,2.00234,0.0085302
39.4925,2.00205,0.00852674
39.518,2.00175,0.00852602
39.5435,2.00135,0.00853053
39.569,2.00085,0.00853229
39.5945,2.00025,0.00852693
39.62,1.99956,0.00853394
39.637,1.99906,0.00853173
39.6625,1.99823,0.00853013
39.688,1.99734,0.00853128
39.7135,1.99638,0.0085323
39.739,1.99536,0.00853052
39.7645,1.99429,0.00853492
39.7899,1.99317,0.00853471
39.8154,1.99201,0.00853377
39.8409,1.99082,0.00852678
39.8664,1.98959,0.00853309
39.8918,1.98834,0.00853046
39.9173,1.98707,0.00853525
39.9428,1.98578,0.0085302
39.9682,1.98448,0.00853173
39.9937,1.98317,0.00853455
40.0192,1.98185,0.00853054
40.0362,1.98091,0.00852907
40.0616,1.97942,0.00853308
40.0871,1.97784,0.00853368
40.1125,1.97616,0.00853174
40.138,1.9744,0.00853019
40.1634,1.97257,0.00853047
40.1888,1.97066,0.00853243
40.2143,1.96869,0.00853053
40.2397,1.96666,0.00853518
40.2651,1.96458,0.00853455
40.2905,1.96245,0.00853388
40.3159,1.96029,0.00852955
40.3413,1.95809,0.008529
40.3667,1.95585,0.00852892
40.3922,1.9536,0.0085347
40.4176,1.95132,0.00853367
40.4345,1.9498,0.00852754
40.4599,1.9475,0.00852955
40.4853,1.9452,0.00853353
40.5107,1.94287,0.00852912
40.5361,1.94046,0.00853308
40.5614,1.93794,0.0085312
40.5868,1.93534,0.0085323
40.6122,1.93266,0.00852651
40.6375,1.9299,0.00853038
40.6629,1.92706,0.0085347
40.6882,1.92416,0.00853377
40.7136,1.9212,0.0085292
40.7389,1.91819,0.00853308
40.7642,1.91513,0.00853128
40.7895,1.91203,0.0085323
40.8148,1.90889,0.00853052
40.8317,1.90678,0.00852753
40.857,1.90359,0.00853113
40.8823,1.90038,0.0085302
40.9076,1.89714,0.00852754
40.9329,1.8939,0.00852851
40.9582,1.89064,0.00853053
40.9835,1.88738,0.00853229
41.0088,1.8841,0.00852693
41.034,1.88073,0.0085289
41.0593,1.87727,0.0085347
41.0846,1.87373,0.00853565
41.1098,1.87011,0.00852907
41.1351,1.86641,0.00852634
41.1603,1.86265,0.00853062
41.1855,1.85882,0.00853229
41.2107,1.85494,0.008529
41.2275,1.85233,0.00853067
41.2527,1.84836,0.00853229
41.2779,1.84436,0.00853268
41.3031,1.84032,0.00852894
41.3282,1.83624,0.0085347
41.3534,1.83214,0.00853027
41.3786,1.82801,0.00852907
41.4037,1.82387,0.00852685
41.4289,1.81972,0.0085297
41.4541,1.81555,0.00853229
41.4792,1.81137,0.008529
41.5044,1.80718,0.00852891
41.5295,1.80291,0.0085347
41.5546,1.79855,0.00853367
41.5798,1.79412,0.00853427
41.5965,1.79112,0.00852955
41.6216,1.78656,0.00853387
41.6467,1.78194,0.00852916
41.6718,1.77726,0.00852869
41.6968,1.77252,0.00852582
41.7219,1.76773,0.00853188
41.7469,1.7629,0.00853019
41.7719,1.75803,0.00853491
41.797,1.75312,0.00852872
41.822,1.74819,0.00853053
41.847,1.74322,0.00853229
41.872,1.73824,0.00852637
41.897,1.73324,0.00853068
41.922,1.72822,0.00853229
41.947,1.72319,0.00853052
41.9637,1.71984,0.00853045
41.9887,1.7148,0.00853455
42.0137,1.70975,0.00853388
42.0387,1.70462,0.00852955
42.0636,1.69941,0.00852665
42.0886,1.69413,0.00852754
42.1135,1.68878,0.00852955
42.1384,1.68336,0.00853387
42.1634,1.67788,0.00852867
42.1882,1.67235,0.00852637
42.2131,1.66677,0.00853389
42.238,1.66114,0.00852955
42.2629,1.65548,0.00852665
42.2877,1.64978,0.00852754
42.3126,1.64404,0.0085347
42.3291,1.64021,0.00853052
42.354,1.63443,0.00853427
42.3788,1.62864,0.0085347
42.4036,1.62283,0.00853377
42.4285,1.61701,0.00852914
42.4533,1.61117,0.00853308
42.4781,1.60534,0.00852586
42.5029,1.59949,0.00853231
42.5278,1.59356,0.00853052
42.5525,1.58757,0.00852682
42.5773,1.58151,0.00852846
42.6021,1.57539,0.00853388
42.6268,1.56921,0.00853225
42.6516,1.56298,0.00852879
42.6763,1.55669,0.00853453
42.6927,1.55248,0.00853532
42.7174,1.54613,0.00852881
42.7421,1.53973,0.00853453
42.7668,1.53331,0.0085285
42.7915,1.52685,0.00853265
42.8161,1.52037,0.00852907
42.8408,1.51387,0.00852883
42.8655,1.50735,0.00852975
42.8901,1.50082,0.00853173
42.9148,1.49427,0.00853019
42.9394,1.48772,0.00853047
42.964,1.48116,0.00853235
42.9887,1.4746,0.00853052
43.0133,1.46802,0.00852682
43.0379,1.46138,0.00853477
43.0544,1.45692,0.00853052
43.079,1.45018,0.00852682
43.1035,1.44338,0.00853477
43.1281,1.43653,0.00852889
43.1527,1.42962,0.00853533
43.1772,1.42267,0.00853309
43.2017,1.41568,0.00853479
43.2262,1.40866,0.00852872
43.2507,1.40159,0.00853052
43.2752,1.3945,0.0085311
43.2997,1.38738,0.00853486
43.3242,1.38024,0.00853388
43.3487,1.37308,0.00852954
43.3732,1.36591,0.00853564
43.3895,1.36112,0.00852975
43.4139,1.35392,0.00853229
43.4384,1.34672,0.00853015
43.4628,1.33951,0.00852901
43.4873,1.33229,0.0085347
43.5118,1.32507,0.00852667
43.5362,1.31779,0.00852908
43.5606,1.31045,0.00853308
43.585,1.30306,0.00853127
43.6094,1.29562,0.00853182
43.6338,1.28814,0.00853019
43.6582,1.28061,0.00852673
43.6825,1.27304,0.00852601
43.7069,1.26544,0.00853052
43.7312,1.2578,0.00853518
43.7555,1.25014,0.00853332
43.7717,1.24501,0.00853053
43.7961,1.23731,0.0085311
43.8204,1.22959,0.00853452
43.8447,1.22185,0.0085289
43.869,1.2141,0.00852843
43.8932,1.20633,0.00853325
43.9175,1.19856,0.00853453
43.9418,1.19078,0.00852869
43.9661,1.18299,0.00852667
43.9904,1.17521,0.00852908
44.0147,1.16741,0.00853308
44.0389,1.15957,0.00852752
44.0632,1.15168,0.00853112
44.0874,1.14374,0.00853019
44.1116,1.13576,0.00853172
44.1278,1.13041,0.00852601
44.152,1.12237,0.00852892
44.1762,1.11429,0.00853453
44.2004,1.10618,0.00852868
44.2245,1.09804,0.00853126
44.2487,1.08988,0.00852601
44.2728,1.0817,0.00853052
44.297,1.07349,0.00853228
44.3211,1.06527,0.00852693
44.3453,1.05703,0.00853394
44.3694,1.04879,0.00852955
44.3935,1.04053,0.00852665
44.4176,1.03227,0.00853038
44.4418,1.024,0.0085347
44.4659,1.01572,0.00853115
44.49,1.00745,0.00852916
44.5061,1.00193,0.0085347
44.5302,0.993624,0.00853376
44.5543,0.985274,0.00852914
44.5784,0.976885,0.00853308
44.6024,0.96846,0.00853421
44.6265,0.960001,0.00853243
44.6505,0.951511,0.00853019
44.6746,0.942993,0.00853172
44.6986,0.934449,0.00853205
44.7226,0.925881,0.00853053
44.7466,0.917293,0.00853228
44.7707,0.908686,0.00853268
44.7947,0.900064,0.00853378
44.8186,0.891427,0.00852955
44.8426,0.882779,0.00852665
44.8666,0.874121,0.00853468
44.8906,0.865456,0.00852869
44.9066,0.859676,0.00852732
44.9306,0.851002,0.00853468
44.9545,0.842325,0.00852869
44.9785,0.833646,0.00852974
45.0025,0.824962,0.00853173
45.0265,0.816245,0.00853019
45.0504,0.807497,0.00852753
45.0744,0.798719,0.00853231
45.0983,0.789914,0.00853052
45.1222,0.781083,0.00852682
45.1461,0.772228,0.00852846
45.1701,0.763351,0.00853387
45.1939,0.754455,0.00852585
45.2178,0.745541,0.00852693
45.2417,0.736611,0.0085289
45.2656,0.727667,0.00853469
45.2815,0.721698,0.00853268
45.3054,0.712735,0.00852891
45.3293,0.703763,0.00853469
45.3531,0.694783,0.00853026
45.377,0.685797,0.00852906
45.4009,0.676806,0.00852684
45.4247,0.667812,0.0085297
45.4486,0.658816,0.00853228
45.4724,0.649818,0.00852899
45.4963,0.640821,0.00852891
45.5202,0.631819,0.00853469
45.544,0.622791,0.00852738
45.5679,0.613739,0.00852906
45.5837,0.607692,0.00853469
45.6076,0.598603,0.00853024
45.6314,0.589493,0.00852906
45.6552,0.580365,0.00852882
45.679,0.571219,0.00852974
45.7028,0.562057,0.00853228
45.7266,0.552882,0.00853264
45.7504,0.543694,0.00852893
45.7742,0.534495,0.00853469
45.798,0.525286,0.00852738
45.8217,0.516069,0.00852907
45.8455,0.506845,0.00852684
45.8693,0.497615,0.0085297
45.893,0.488381,0.00853228
45.9089,0.482223,0.00853307
45.9327,0.472983,0.00853368
45.9564,0.463742,0.00853173
45.9802,0.4545,0.00853019
46.004,0.445255,0.0085349
46.0277,0.435993,0.00853229
46.0515,0.426715,0.00853052
46.0752,0.417421,0.00852768
46.099,0.408113,0.00853477
46.1227,0.398792,0.00852889
46.1464,0.389459,0.00853532
46.1702,0.380115,0.00853309
46.1939,0.370761,0.00852763
46.2176,0.361399,0.00852596
46.2413,0.352028,0.00853052
46.265,0.342651,0.00852768
46.2808,0.336397,0.00852596
46.3045,0.32701,0.00853052
46.3283,0.31762,0.00852768
46.352,0.308226,0.00853484
46.3757,0.29883,0.00852889
46.3994,0.289432,0.00853533
46.4231,0.280032,0.00853309
46.4468,0.270632,0.00852906
46.4705,0.261231,0.0085297
46.4942,0.251831,0.00853052
46.5179,0.24243,0.00852761
46.5416,0.233019,0.00853451
46.5653,0.2236,0.00852889
46.589,0.214173,0.00853228
46.6127,0.204739,0.00853309
46.6364,0.195298,0.00852906
46.6522,0.189001,0.00853228
46.6758,0.17955,0.00853309
46.6995,0.170095,0.00852906
46.7232,0.160635,0.00852969
46.7469,0.151171,0.00853052
46.7706,0.141704,0.00853109
46.7942,0.132234,0.00853451
46.8179,0.122761,0.00852889
46.8416,0.113287,0.00853228
46.8653,0.103812,0.00853311
46.8889,0.0943356,0.00852906
46.9126,0.0848585,0.0085285
46.9363,0.0753813,0.00853024
46.96,0.0659041,0.00853172
46.9836,0.0564271,0.0085355
47.0073,0.0469499,0.0085338
47.0231,0.0406312,0.00853423
47.0468,0.0311523,0.00852869
47.0704,0.0216726,0.00853452
47.0941,0.0121923,0.00853228
47.1178,0.00271168,0.00853309
47.1415,-0.00676914,0.00852906
47.1651,-0.01625,0.0085285
47.1888,-0.0257307,0.00853052
47.2125,-0.0352112,0.00853518
47.2361,-0.0446914,0.00853454
47.2598,-0.054171,0.00852889
47.2835,-0.0636502,0.00852877
47.3072,-0.0731287,0.00853316
47.3308,-0.0826065,0.00852906
47.3545,-0.0920836,0.0085285
47.3782,-0.10156,0.00853052
47.394,-0.107877,0.00852906
47.4176,-0.117352,0.0085285
47.4413,-0.126826,0.00853052
47.465,-0.1363,0.00853518
47.4887,-0.145772,0.00853331
47.5123,-0.155244,0.00852889
47.536,-0.164708,0.00852598
47.5597,-0.174166,0.00853316
47.5834,-0.183617,0.00852906
47.6071,-0.193061,0.0085285
47.6308,-0.202499,0.00853052
47.6544,-0.211932,0.00853228
47.6781,-0.221358,0.00852636
47.7018,-0.23078,0.00852889
47.7255,-0.240197,0.00852877
47.7492,-0.249609,0.00853316
47.765,-0.255881,0.00852889
47.7887,-0.265286,0.00852842
47.8124,-0.274688,0.00853324
47.8361,-0.284087,0.00853453
47.8598,-0.293483,0.00852868
47.8835,-0.302876,0.00853367
47.9073,-0.312267,0.00853484
47.931,-0.321657,0.00852868
47.9547,-0.331044,0.00853452
47.9784,-0.340431,0.00852849
48.0021,-0.349815,0.00852899
48.0258,-0.359185,0.00853453
48.0495,-0.36854,0.00852868
48.0733,-0.377882,0.00853367
48.097,-0.38721,0.00852911
48.1128,-0.393422,0.00853469
48.1365,-0.40273,0.00853376
48.1603,-0.412028,0.00852913
48.184,-0.421314,0.00853307
48.2078,-0.430591,0.00852585
48.2315,-0.439859,0.0085323
48.2553,-0.449119,0.00853051
48.2791,-0.458372,0.00853468
48.3028,-0.467619,0.00853469
48.3266,-0.476859,0.00853376
48.3504,-0.486095,0.00852913
48.3741,-0.495326,0.00853307
48.3979,-0.504554,0.00852752
48.4217,-0.513778,0.0085323
48.4455,-0.523001,0.00853051
48.4613,-0.529148,0.00852585
48.4851,-0.538368,0.0085323
48.5089,-0.547583,0.00853051
48.5326,-0.556776,0.00853426
48.5564,-0.565947,0.00853469
48.5802,-0.575097,0.00853376
48.604,-0.584226,0.00852913
48.6279,-0.593337,0.00853307
48.6517,-0.602429,0.00853044
48.6755,-0.611505,0.00853524
48.6993,-0.620566,0.00853019
48.7232,-0.629612,0.00853171
48.747,-0.638646,0.00853453
48.7709,-0.647668,0.00853022
48.7947,-0.65668,0.00853172
48.8186,-0.665683,0.00853018
48.8345,-0.671681,0.00852582
48.8584,-0.680671,0.00852682
48.8822,-0.689656,0.00852869
48.9061,-0.698635,0.00853452
48.93,-0.70761,0.00852849
48.9538,-0.716582,0.00853324
48.9777,-0.725552,0.00852906
49.0016,-0.734517,0.00853338
49.0254,-0.743451,0.00853061
49.0493,-0.752356,0.00853228
49.0732,-0.761233,0.00852692
49.0972,-0.770083,0.00852889
49.1211,-0.778907,0.00853188
49.145,-0.787707,0.00853555
49.1689,-0.796486,0.00852906
49.1849,-0.802327,0.00853469
49.2089,-0.811073,0.00853026
49.2328,-0.819801,0.00852906
49.2568,-0.828513,0.00853338
49.2808,-0.837212,0.00853061
49.3047,-0.845898,0.00853228
49.3287,-0.854573,0.00852898
49.3527,-0.863238,0.0085289
49.3767,-0.871896,0.00853188
49.4007,-0.880548,0.00853555
49.4246,-0.889194,0.00852906
49.4486,-0.897836,0.00852683
49.4726,-0.906475,0.00853067
